epoch,loss,validation_loss
0.0,0.00721657183021307,7.581602403661236e-05
1.0,4.2305662645958364e-05,2.3701410100329667e-05
2.0,1.3366741768550128e-05,1.0004849173128605e-05
3.0,8.061607331910636e-06,8.03391776571516e-06
4.0,6.582545211131219e-06,6.928744369361084e-06
5.0,5.7161078075296246e-06,6.086646408220986e-06
6.0,5.101926035422366e-06,5.4277088565868326e-06
7.0,4.6239979383244645e-06,4.888956482318463e-06
8.0,4.226517376082484e-06,4.425669885677053e-06
9.0,3.876531081914436e-06,4.020697360829217e-06
10.0,3.5522507459972985e-06,3.6841465771431103e-06
11.0,3.2432999432785437e-06,3.378494511707686e-06
12.0,2.940248577942839e-06,2.927917421402526e-06
13.0,2.6493819405004615e-06,2.4307685180247063e-06
14.0,2.3801203496987e-06,2.085771711790585e-06
15.0,2.1395430849224795e-06,1.7103938034779276e-06
16.0,1.919714804898831e-06,1.4112499684415525e-06
17.0,1.7295076304435497e-06,1.2398570561344968e-06
18.0,1.5746057897558785e-06,1.13126634460059e-06
19.0,1.4472406064669485e-06,1.0571015991445165e-06
20.0,1.3412696944214986e-06,1.003712100100529e-06
21.0,1.252451056643622e-06,9.58607529355504e-07
22.0,1.1763839893319528e-06,9.141382406596676e-07
23.0,1.1094740557382465e-06,8.685007628628227e-07
24.0,1.049594970936596e-06,8.25666347736842e-07
25.0,9.969479606297682e-07,7.788390803398215e-07
26.0,9.494128221376741e-07,7.501402023990522e-07
27.0,9.061096193363483e-07,7.109277362360444e-07
28.0,8.660237540425442e-07,6.912338790243666e-07
29.0,8.311782266900991e-07,6.567257742062793e-07
30.0,7.993844519660342e-07,6.18176727584796e-07
31.0,7.703072242293274e-07,5.823777655677986e-07
32.0,7.435156703650136e-07,5.5087508599172e-07
33.0,7.185880690485646e-07,5.228152417657839e-07
34.0,6.953052320568531e-07,4.976432137482334e-07
35.0,6.733623081345286e-07,4.741860379908758e-07
36.0,6.52526523481356e-07,4.51306789273076e-07
37.0,6.325898880277236e-07,4.292500648261921e-07
38.0,6.133800525276456e-07,4.1254756411035487e-07
39.0,5.948755301687925e-07,4.0006113977142377e-07
40.0,5.772170084128447e-07,3.896280134085828e-07
41.0,5.606745503428101e-07,3.799507908297528e-07
42.0,5.451265110423265e-07,3.717664185387548e-07
43.0,5.300162797539087e-07,3.639776480213186e-07
44.0,5.151862865204748e-07,3.564281882972864e-07
45.0,5.008384391658183e-07,3.489075481866166e-07
46.0,4.870836392001365e-07,3.414722300476569e-07
47.0,4.737696883694298e-07,3.342261720717943e-07
48.0,4.610045039044053e-07,3.2746109468462237e-07
49.0,4.487975218125939e-07,3.2128886573445925e-07
50.0,4.370080546323152e-07,3.1578093739881297e-07
51.0,4.2558232848932676e-07,3.108898170012253e-07
52.0,4.145043135395099e-07,3.0638588555120805e-07
53.0,4.037718781546573e-07,3.020992949132051e-07
54.0,3.933782579679246e-07,2.978030693157052e-07
55.0,3.8331145901793207e-07,2.937493093213561e-07
56.0,3.7356380744313356e-07,2.9002339374528674e-07
57.0,3.641148680344486e-07,2.8685562369901163e-07
58.0,3.5497583894539275e-07,2.8379278660395357e-07
59.0,3.4613324828569603e-07,2.812703314702958e-07
60.0,3.3757478945517505e-07,2.787712389817898e-07
61.0,3.2931228588495287e-07,2.7517586431713426e-07
62.0,3.21349602927512e-07,2.706898101223487e-07
63.0,3.1369978614748106e-07,2.6555468934930104e-07
64.0,3.063707936235005e-07,2.5979059614655853e-07
65.0,2.9933582368357747e-07,2.5306385964540823e-07
66.0,2.925869750924903e-07,2.450483975735551e-07
67.0,2.8607846047634666e-07,2.3708450669346348e-07
68.0,2.7988932060907246e-07,2.3152337291776348e-07
69.0,2.739448632382846e-07,2.2690311141104758e-07
70.0,2.6825927079698886e-07,2.228939592896495e-07
71.0,2.6279676035301236e-07,2.1947037964764604e-07
72.0,2.5758384936125367e-07,2.1650438952747209e-07
73.0,2.5254880142711045e-07,2.1429447372156574e-07
74.0,2.477538032508164e-07,2.124341733633628e-07
75.0,2.431532379887358e-07,2.1075055656183395e-07
76.0,2.3875617216617684e-07,2.092507997986104e-07
77.0,2.345363441236259e-07,2.0775263465111493e-07
78.0,2.304837920519276e-07,2.062127890667398e-07
79.0,2.265865077788476e-07,2.0462917404984182e-07
80.0,2.2283232681274967e-07,2.0300748815316183e-07
81.0,2.1924222437519347e-07,2.0087550467451365e-07
82.0,2.1577935171990248e-07,1.986753090932325e-07
83.0,2.1243209857857437e-07,1.9608670243087545e-07
84.0,2.0920280974223715e-07,1.9332429701535148e-07
85.0,2.0609392947790184e-07,1.9040601273445645e-07
86.0,2.0309606441060168e-07,1.8737877383045998e-07
87.0,2.0020166857648292e-07,1.8437673077187355e-07
88.0,1.9738553191928077e-07,1.8118876710104814e-07
89.0,1.9463885791992652e-07,1.7789470518891903e-07
90.0,1.91998779541791e-07,1.7478578229201958e-07
91.0,1.894201204777346e-07,1.7148340702988207e-07
92.0,1.8691029879391863e-07,1.6820506232306798e-07
93.0,1.8447562410983664e-07,1.650962246912968e-07
94.0,1.8212270447293122e-07,1.6180274542421103e-07
95.0,1.7982338818001153e-07,1.5871550829160697e-07
96.0,1.77570768755686e-07,1.5573101563859382e-07
97.0,1.753810749960394e-07,1.5267883668457216e-07
98.0,1.7323715439943044e-07,1.497524806381989e-07
99.0,1.7118553330419672e-07,1.4704392015119083e-07
100.0,1.6911592126689357e-07,1.4421669902731082e-07
101.0,1.671670872838149e-07,1.415145476357793e-07
102.0,1.651395962198876e-07,1.3902025841616705e-07
103.0,1.632796085004884e-07,1.3661266962117224e-07
104.0,1.6145369841069623e-07,1.340548152484189e-07
105.0,1.5966152488999796e-07,1.3163283085759758e-07
106.0,1.5781584750129696e-07,1.294425260311982e-07
107.0,1.5613254333857185e-07,1.272184277922861e-07
108.0,1.5441550260675285e-07,1.2516052549926826e-07
109.0,1.527493651565237e-07,1.232915280979796e-07
110.0,1.5109854700767755e-07,1.2154151818322134e-07
111.0,1.4950609283914673e-07,1.1929182619496714e-07
112.0,1.4792944114105921e-07,1.1743768624228323e-07
113.0,1.4642127155184426e-07,1.1570396196702859e-07
114.0,1.448894408895285e-07,1.139819758577687e-07
115.0,1.434280676448907e-07,1.1236045338591794e-07
116.0,1.4196767494922824e-07,1.1081489503794728e-07
117.0,1.405350502636793e-07,1.0929451832453196e-07
118.0,1.3911198948335368e-07,1.078880060845222e-07
119.0,1.3778051766166755e-07,1.0649078774349618e-07
120.0,1.364610113796516e-07,1.0518383675162113e-07
121.0,1.3516718411210604e-07,1.0397665306527415e-07
122.0,1.3385226793616312e-07,1.032298371228535e-07
123.0,1.3258258491077868e-07,1.0179977039115329e-07
124.0,1.3140738985839562e-07,1.0075208933812974e-07
125.0,1.3021285383274517e-07,9.986489857283232e-08
126.0,1.2900932233606e-07,1.0096697877770566e-07
127.0,1.2789968195647816e-07,9.843601844750083e-08
128.0,1.267919742531376e-07,9.763679997831787e-08
129.0,1.2576143149090058e-07,9.705878767363174e-08
130.0,1.2466237819808157e-07,9.6553208095429e-08
131.0,1.2355498313354474e-07,9.610334927856456e-08
132.0,1.2253651959781564e-07,9.57093178044488e-08
133.0,1.2150977113378758e-07,9.53604910591821e-08
134.0,1.2043236097269983e-07,9.513973964203615e-08
135.0,1.194229497514243e-07,9.477819418179934e-08
136.0,1.1840106850513621e-07,9.448015703128476e-08
137.0,1.173581907210064e-07,9.453597726860608e-08
138.0,1.1635155061640035e-07,9.399205680438172e-08
139.0,1.1532744537134931e-07,9.379818521892958e-08
140.0,1.1434156732548217e-07,9.348544693921212e-08
141.0,1.1331960081406578e-07,9.325177785513006e-08
142.0,1.1235390218189423e-07,9.298330638785046e-08
143.0,1.1141772660039351e-07,9.375056464477893e-08
144.0,1.1044453174235969e-07,9.245287913017819e-08
145.0,1.0954227747106415e-07,9.213011509245916e-08
146.0,1.086463612409716e-07,9.17804428013369e-08
147.0,1.0774582648309661e-07,9.14111026872888e-08
148.0,1.0684107820679856e-07,9.099068165596691e-08
149.0,1.0596826172104556e-07,9.053478322584851e-08
150.0,1.0513843307080606e-07,8.999246148277962e-08
151.0,1.0428684760199758e-07,9.045169235832873e-08
152.0,1.034319936366046e-07,8.880670776534316e-08
153.0,1.026346083676799e-07,8.812301643956744e-08
154.0,1.017844013517788e-07,8.746616231292137e-08
155.0,1.0098413838477427e-07,8.680169116814795e-08
156.0,1.0020223584206178e-07,8.612369839511302e-08
157.0,9.941692269421765e-08,8.540817475477525e-08
158.0,9.8636924406037e-08,8.47174490559155e-08
159.0,9.78572529675148e-08,8.416476759975922e-08
160.0,9.714768367530269e-08,8.326978928607787e-08
161.0,9.638636555564517e-08,8.251737426689942e-08
162.0,9.568294245809739e-08,8.171760867980993e-08
163.0,9.495117581082013e-08,8.09954912028843e-08
164.0,9.430860359316284e-08,8.017850205987997e-08
165.0,9.35393629220016e-08,7.936050394619087e-08
166.0,9.285353286259124e-08,7.849347127830697e-08
167.0,9.213038509869875e-08,7.814131919303691e-08
168.0,9.146346968691432e-08,7.682139369080687e-08
169.0,9.074297224742622e-08,7.637397914095345e-08
170.0,9.005524503891138e-08,7.50263211557467e-08
171.0,8.938650353229605e-08,7.413743929873817e-08
172.0,8.868884293633528e-08,7.324179307488521e-08
173.0,8.800891038163172e-08,7.232149101810137e-08
174.0,8.732706646696897e-08,7.140926783222312e-08
175.0,8.664807893410398e-08,7.083622932668732e-08
176.0,8.600164136396415e-08,6.962159915246957e-08
177.0,8.531092277053176e-08,6.871873381442128e-08
178.0,8.469190504456492e-08,6.779270478318722e-08
179.0,8.399427997574094e-08,6.693534970736437e-08
180.0,8.337692491977577e-08,6.603266911042738e-08
181.0,8.272788676322307e-08,6.517317530096989e-08
182.0,8.209838853190377e-08,6.431018562125246e-08
183.0,8.147188168550201e-08,6.346996173078878e-08
184.0,8.084730751534153e-08,6.264297525149232e-08
185.0,8.023978637083928e-08,6.183739031939695e-08
186.0,7.965009274357726e-08,6.103194039042137e-08
187.0,7.901979159896655e-08,6.022866472221722e-08
188.0,7.843924976214112e-08,5.957266679956774e-08
189.0,7.785387623471252e-08,5.874705877317865e-08
190.0,7.728126405481817e-08,5.802295888202025e-08
191.0,7.670322332842261e-08,5.732700714133898e-08
192.0,7.613905950165645e-08,5.6641511037014425e-08
193.0,7.55638325244945e-08,5.598886332336406e-08
194.0,7.502680432480702e-08,5.535303415626913e-08
195.0,7.447816585681721e-08,5.472594111211038e-08
196.0,7.392505807501948e-08,5.413990322722384e-08
197.0,7.339259155969557e-08,5.35570841009303e-08
198.0,7.285873238060958e-08,5.302842254195639e-08
199.0,7.233728638311732e-08,5.247333589863956e-08
200.0,7.181753858276352e-08,5.197169627990661e-08
201.0,7.131129819981652e-08,5.144933723499889e-08
202.0,7.079648867147625e-08,5.1009379831157275e-08
203.0,7.028844350998043e-08,5.0493284220465284e-08
204.0,6.980310018889213e-08,5.0040533494666306e-08
205.0,6.928431162123161e-08,4.9613319674790546e-08
206.0,6.87956358547126e-08,4.9202075302900994e-08
207.0,6.83095393583244e-08,4.8800504970358816e-08
208.0,6.782740769040174e-08,4.926575769559349e-08
209.0,6.735552204872874e-08,4.806045694749628e-08
210.0,6.687788101089609e-08,4.770564387968079e-08
211.0,6.64175416886792e-08,4.7364402178118326e-08
212.0,6.595404755671552e-08,4.704318357084958e-08
213.0,6.549284847778836e-08,4.6739668135842294e-08
214.0,6.50510543209748e-08,4.644027029598874e-08
215.0,6.458418511101627e-08,4.616175885985285e-08
216.0,6.417217690568577e-08,4.5874394061229395e-08
217.0,6.37054142771376e-08,4.560409294640522e-08
218.0,6.327435642106138e-08,4.534826913982215e-08
219.0,6.28467944352451e-08,4.515256080139807e-08
220.0,6.242614603024776e-08,4.4860911430077977e-08
221.0,6.20078495217058e-08,4.4657468833975145e-08
222.0,6.15945339177415e-08,4.439874601303018e-08
223.0,6.118519024767011e-08,4.419016974566148e-08
224.0,6.077758740730133e-08,4.397391606403289e-08
225.0,6.038159483523486e-08,4.3766011259549487e-08
226.0,5.998975183274524e-08,4.357159610890449e-08
227.0,5.95920965906771e-08,4.337663739306663e-08
228.0,5.922557733128997e-08,4.319222668414113e-08
229.0,5.8811966852090336e-08,4.301168132769817e-08
230.0,5.8448726747428736e-08,4.283557331064003e-08
231.0,5.806922587225927e-08,4.26619770621528e-08
232.0,5.77049412697761e-08,4.249211471574199e-08
233.0,5.733124908147147e-08,4.232782302437954e-08
234.0,5.696566773849554e-08,4.2155164692303515e-08
235.0,5.661368973619574e-08,4.199322845011011e-08
236.0,5.625483368021378e-08,4.1824954166713724e-08
237.0,5.589261675709167e-08,4.206058079603281e-08
238.0,5.555651938493611e-08,4.148598975461937e-08
239.0,5.519575907442231e-08,4.131499409254502e-08
240.0,5.4852506536917645e-08,4.115603502441445e-08
241.0,5.4516576142304984e-08,4.095375061297091e-08
242.0,5.417793857986908e-08,4.076247606121797e-08
243.0,5.384718093637275e-08,4.0645041110565217e-08
244.0,5.351418863597246e-08,4.038471956846479e-08
245.0,5.319023088645736e-08,4.0195914152718615e-08
246.0,5.286984006147577e-08,4.0009968671483875e-08
247.0,5.254901580542537e-08,3.9822246833409736e-08
248.0,5.223269283760601e-08,3.9643651916776435e-08
249.0,5.1925646005202e-08,3.9476983459962867e-08
250.0,5.161207639048371e-08,3.931397785095214e-08
251.0,5.131067482011531e-08,3.916321844599224e-08
252.0,5.1007130963398595e-08,3.906628975869353e-08
253.0,5.0716668198447223e-08,3.8894544474032955e-08
254.0,5.041270867423009e-08,3.8784040867767544e-08
255.0,5.013117387875354e-08,3.868553477559544e-08
256.0,4.9840167548609315e-08,3.8600113327902363e-08
257.0,4.9556454939647665e-08,3.853766727957009e-08
258.0,4.9270465041217903e-08,3.8491354104053244e-08
259.0,4.8998916923892466e-08,3.848621332736002e-08
260.0,4.87260827242153e-08,3.851745233873771e-08
261.0,4.8458655754757274e-08,3.847532070722082e-08
262.0,4.819299803671129e-08,3.8501216437225594e-08
263.0,4.792977748024896e-08,3.851467411664089e-08
264.0,4.7666183888850355e-08,3.853988772561934e-08
265.0,4.7419639770396316e-08,3.8563793935963986e-08
266.0,4.715573354019398e-08,3.857456221112443e-08
267.0,4.691501942488685e-08,3.8564177629041296e-08
268.0,4.666228292649066e-08,3.852664320902477e-08
269.0,4.6418456634000904e-08,3.845899243515305e-08
270.0,4.617642446191894e-08,3.8380012057359636e-08
271.0,4.594571123561764e-08,3.82808416077296e-08
272.0,4.570241074475234e-08,3.817128302330275e-08
273.0,4.5471999499113736e-08,3.803959103265697e-08
274.0,4.524572361219725e-08,3.7924074547390774e-08
275.0,4.501296402281696e-08,3.778943735710527e-08
276.0,4.478842186017573e-08,3.7665270014031194e-08
277.0,4.4570182211600695e-08,3.753009636398019e-08
278.0,4.4350034755780143e-08,3.739285503456813e-08
279.0,4.413930199120841e-08,3.725613240135317e-08
280.0,4.3927403936550036e-08,3.712645479936327e-08
281.0,4.371144157744311e-08,3.7000216224214455e-08
282.0,4.3506769742407414e-08,3.703569007029728e-08
283.0,4.3303227670321576e-08,3.677430626680689e-08
284.0,4.3105256253284097e-08,3.6685403159708585e-08
285.0,4.290825472708093e-08,3.6611066178693363e-08
286.0,4.271254638865685e-08,3.655468105989712e-08
287.0,4.25198152242956e-08,3.6526586200125166e-08
288.0,4.233341854842365e-08,3.651486935041248e-08
289.0,4.2146037770862677e-08,3.652755964367316e-08
290.0,4.196751746121663e-08,3.65616052988571e-08
291.0,4.178169632496065e-08,3.660982272890578e-08
292.0,4.1608117840041814e-08,3.666771064558816e-08
293.0,4.1425749941481627e-08,3.6751242049604116e-08
294.0,4.124796859628077e-08,3.682391636061766e-08
295.0,4.10707094999907e-08,3.690784566856564e-08
296.0,4.0890700603313235e-08,3.696504435879433e-08
297.0,4.0717043958693466e-08,3.706100315525873e-08
298.0,4.0537976531140885e-08,3.705116569108213e-08
299.0,4.0362284181583163e-08,3.7062115154640196e-08
300.0,4.018668775529477e-08,3.705562434674903e-08
301.0,4.0012217539242556e-08,3.702541562233819e-08
302.0,3.984091634379183e-08,3.706874451836484e-08
303.0,3.966917105913126e-08,3.694241357266037e-08
304.0,3.9498850412655884e-08,3.688007410573846e-08
305.0,3.932897385539036e-08,3.6846405038204466e-08
306.0,3.916253632496591e-08,3.6717771934036136e-08
307.0,3.8994738105202487e-08,3.664483472221036e-08
308.0,3.8829206516766135e-08,3.6533933212012926e-08
309.0,3.8668709123612643e-08,3.64540326813767e-08
310.0,3.850427177098936e-08,3.633657996715556e-08
311.0,3.834551876025216e-08,3.6229462097026044e-08
312.0,3.818452043446996e-08,3.6098928291039556e-08
313.0,3.8029362769975705e-08,3.596397490923664e-08
314.0,3.78734590356089e-08,3.5829792466302024e-08
315.0,3.771720002987422e-08,3.567480533206435e-08
316.0,3.756579403102478e-08,3.551886962327444e-08
317.0,3.7414306319760726e-08,3.5341535919997114e-08
318.0,3.7264562990912964e-08,3.5164148926014605e-08
319.0,3.711408069762001e-08,3.4982321039933595e-08
320.0,3.6968437200357585e-08,3.479017252061567e-08
321.0,3.6825234417392494e-08,3.4625365685769793e-08
322.0,3.6679747239531935e-08,3.440958451506049e-08
323.0,3.653696367678094e-08,3.422550420850712e-08
324.0,3.639927825815903e-08,3.4068950327537095e-08
325.0,3.625986622068922e-08,3.3844649749426026e-08
326.0,3.612066024061278e-08,3.3668722920765504e-08
327.0,3.5986889912464903e-08,3.3483992467608914e-08
328.0,3.5851797974828514e-08,3.3332021587284544e-08
329.0,3.571888385067723e-08,3.317356700449636e-08
330.0,3.558658434599238e-08,3.3030474355655315e-08
331.0,3.545901705592769e-08,3.2874119426651305e-08
332.0,3.533073922312724e-08,3.2736693356127944e-08
333.0,3.520228020192917e-08,3.261834535805974e-08
334.0,3.507913604039459e-08,3.249658675485989e-08
335.0,3.495675215958727e-08,3.2383724146711756e-08
336.0,3.483331667553102e-08,3.228962341950137e-08
337.0,3.471287612910601e-08,3.218351452005663e-08
338.0,3.4593934827853445e-08,3.209984811292088e-08
339.0,3.4473892185360455e-08,3.2008614425649284e-08
340.0,3.435683026964398e-08,3.194514874849119e-08
341.0,3.424442951427409e-08,3.1869021199781855e-08
342.0,3.412489490983717e-08,3.180412022629753e-08
343.0,3.4010604110790155e-08,3.1728131233421664e-08
344.0,3.389641634043983e-08,3.1650792209347856e-08
345.0,3.3784914421630674e-08,3.155734162874069e-08
346.0,3.367238221585467e-08,3.1472463746240464e-08
347.0,3.356080213734458e-08,3.1371612863040355e-08
348.0,3.3450373138066425e-08,3.129167680526734e-08
349.0,3.334234932594882e-08,3.117190416901394e-08
350.0,3.3232289808893256e-08,3.105323287400097e-08
351.0,3.312706553515454e-08,3.094891098953667e-08
352.0,3.301823525703185e-08,3.0855339616664423e-08
353.0,3.291373218416993e-08,3.0753504631775286e-08
354.0,3.2809229111308014e-08,3.066410059204827e-08
355.0,3.2705589347870045e-08,3.0574167197983115e-08
356.0,3.260162273477363e-08,3.0492454783370704e-08
357.0,3.250029578794056e-08,3.0425589159222e-08
358.0,3.2399100291513605e-08,3.0469493594864616e-08
359.0,3.229714451435939e-08,3.030639916801192e-08
360.0,3.2197075228168615e-08,3.026429240549078e-08
361.0,3.2097791091700856e-08,3.0233380243771535e-08
362.0,3.1999196181686784e-08,3.0268772377439745e-08
363.0,3.1901066677164636e-08,3.0184715171799326e-08
364.0,3.180490892873422e-08,3.015691873997639e-08
365.0,3.170693219090026e-08,3.013789751094009e-08
366.0,3.160993955475533e-08,3.0117870863932694e-08
367.0,3.1516389498165154e-08,3.0106196646784156e-08
368.0,3.14224166686472e-08,3.009058247016583e-08
369.0,3.1329729921480975e-08,3.008020854622373e-08
370.0,3.123721370457133e-08,3.004927862093609e-08
371.0,3.114660884762088e-08,3.003584581051655e-08
372.0,3.105595780539261e-08,3.000190673674297e-08
373.0,3.0967438391371616e-08,2.998119086328188e-08
374.0,3.0879647283654776e-08,2.9954939861909224e-08
375.0,3.079332344668728e-08,2.9912076371374496e-08
376.0,3.070817555794747e-08,2.987365732565195e-08
377.0,3.062361031425098e-08,2.981956370717853e-08
378.0,3.054140407243722e-08,2.9787857513952076e-08
379.0,3.045891716624283e-08,2.971296986231664e-08
380.0,3.0377798054814775e-08,2.9647019061940227e-08
381.0,3.029767015050311e-08,2.9582192695443155e-08
382.0,3.021906636035965e-08,2.9503619103365963e-08
383.0,3.014130811607174e-08,2.941388643762366e-08
384.0,3.0064555289754935e-08,2.9327711814630675e-08
385.0,2.998652703922744e-08,2.9222958275454403e-08
386.0,2.991010461528276e-08,2.9115291511061514e-08
387.0,2.983526314892515e-08,2.9005322588204763e-08
388.0,2.975780866165678e-08,2.8895286163788114e-08
389.0,2.9684141367170014e-08,2.87919554864402e-08
390.0,2.960933542794919e-08,2.8645718685993415e-08
391.0,2.9534536594155725e-08,2.853712111061668e-08
392.0,2.94609208140173e-08,2.8395497508881817e-08
393.0,2.9386651334561975e-08,2.8270987328937736e-08
394.0,2.931371945180672e-08,2.815463417960018e-08
395.0,2.9240686316711617e-08,2.8027786314055447e-08
396.0,2.91693567078255e-08,2.7910319388979588e-08
397.0,2.909709095888502e-08,2.779334451474824e-08
398.0,2.9025109427038842e-08,2.7675037372887346e-08
399.0,2.8954168840300554e-08,2.7566816385160564e-08
400.0,2.8884294067665905e-08,2.7449502226772893e-08
401.0,2.88148225280338e-08,2.733456128112266e-08
402.0,2.8745819946607298e-08,2.7232369248508803e-08
403.0,2.867683868146287e-08,2.7129523516578047e-08
404.0,2.86082073586158e-08,2.703331247744245e-08
405.0,2.854130265461663e-08,2.694019407556425e-08
406.0,2.8473960966834966e-08,2.6855431656258588e-08
407.0,2.8408473795593636e-08,2.6777167150271453e-08
408.0,2.834146961561146e-08,2.6712113410098937e-08
409.0,2.827686884643299e-08,2.6644265460618044e-08
410.0,2.8212678415684422e-08,2.6599929370263453e-08
411.0,2.8149610642458356e-08,2.6564167754372647e-08
412.0,2.8085793246646062e-08,2.653999509050209e-08
413.0,2.802339871266213e-08,2.6534195285421447e-08
414.0,2.796249631842329e-08,2.6536666197785053e-08
415.0,2.7901494448201447e-08,2.6548736542508777e-08
416.0,2.7841725369626147e-08,2.658403097655082e-08
417.0,2.7782885325677853e-08,2.6609729530946424e-08
418.0,2.7724817996954698e-08,2.6657737350888056e-08
419.0,2.766681816979144e-08,2.6700126554146664e-08
420.0,2.761051121069613e-08,2.6748169901225083e-08
421.0,2.7554603931889687e-08,2.6794067409241507e-08
422.0,2.7499293508981282e-08,2.6835719424411764e-08
423.0,2.74445657311162e-08,2.686247135841313e-08
424.0,2.739060001033522e-08,2.6888963944315947e-08
425.0,2.733672488375305e-08,2.690876677036158e-08
426.0,2.7283718395665346e-08,2.6903661520805144e-08
427.0,2.723092329404153e-08,2.6908068662123696e-08
428.0,2.7178211681189168e-08,2.6880416115204753e-08
429.0,2.7125828694352094e-08,2.6858613111357954e-08
430.0,2.707394664014373e-08,2.682287103539238e-08
431.0,2.702261703291242e-08,2.6770377914431265e-08
432.0,2.697100143222997e-08,2.6720790913259407e-08
433.0,2.6919739326558556e-08,2.665348652897137e-08
434.0,2.6868747227126732e-08,2.659354336742581e-08
435.0,2.681789545988522e-08,2.651828445721094e-08
436.0,2.6767422056650503e-08,2.6441497880114184e-08
437.0,2.6716710621599304e-08,2.6365285066276556e-08
438.0,2.666643084126008e-08,2.6284229903694722e-08
439.0,2.6616717718752625e-08,2.620895145355462e-08
440.0,2.6566548072537444e-08,2.6134241437603123e-08
441.0,2.651736608072497e-08,2.6050924972764733e-08
442.0,2.6468084612929488e-08,2.597564119355411e-08
443.0,2.6418563336960688e-08,2.5905558587169253e-08
444.0,2.6370210903792213e-08,2.583120028987196e-08
445.0,2.6321430368625442e-08,2.5757197263942544e-08
446.0,2.6273477615745833e-08,2.568967794047694e-08
447.0,2.6226132376905298e-08,2.5621250898666403e-08
448.0,2.61786219368787e-08,2.5553044125103952e-08
449.0,2.613152894070936e-08,2.54875605065763e-08
450.0,2.6085364979167025e-08,2.5421964977567768e-08
451.0,2.603917259591526e-08,2.5353932286975578e-08
452.0,2.5993704966253972e-08,2.5296948535924457e-08
453.0,2.5948496684691236e-08,2.522739883659142e-08
454.0,2.590385150824659e-08,2.5163414463236222e-08
455.0,2.5859666408223347e-08,2.509375640613598e-08
456.0,2.5815296567088808e-08,2.5027775407693298e-08
457.0,2.5772029843551536e-08,2.495979067873577e-08
458.0,2.57289496374824e-08,2.4893076044918416e-08
459.0,2.5686441418315553e-08,2.4816642962832702e-08
460.0,2.56443026813713e-08,2.4748809224206525e-08
461.0,2.5602297171190003e-08,2.4677785148696785e-08
462.0,2.5561089245229596e-08,2.4604982939990805e-08
463.0,2.551967348551898e-08,2.4540275589401972e-08
464.0,2.547906596817029e-08,2.4463622239068172e-08
465.0,2.543877997140953e-08,2.4400828024795373e-08
466.0,2.5398543712640276e-08,2.4329947834189625e-08
467.0,2.535866805430942e-08,2.4270613963039978e-08
468.0,2.5319781826738108e-08,2.4214667604383067e-08
469.0,2.5280662896420836e-08,2.4154303446266567e-08
470.0,2.524137521220382e-08,2.4106856955086187e-08
471.0,2.52028762304235e-08,2.406123122966619e-08
472.0,2.5164654360310124e-08,2.4018008915049904e-08
473.0,2.512633479057058e-08,2.3982968500035895e-08
474.0,2.5088565891451253e-08,2.3949800365130613e-08
475.0,2.5051059893144156e-08,2.3921460368114822e-08
476.0,2.5013290994024828e-08,2.390977016375473e-08
477.0,2.4975767232149337e-08,2.387520225966e-08
478.0,2.493873907383204e-08,2.3859842102069706e-08
479.0,2.4901995132609045e-08,2.3843114149713074e-08
480.0,2.4865144609975687e-08,2.3832384954403096e-08
481.0,2.482858896257767e-08,2.382274999490619e-08
482.0,2.4792290886921364e-08,2.3813909066916494e-08
483.0,2.475596261319879e-08,2.3802513737791742e-08
484.0,2.472014948295964e-08,2.3795699632955802e-08
485.0,2.4684604582603242e-08,2.378657981694232e-08
486.0,2.4649018826039537e-08,2.3781181468507384e-08
487.0,2.4613907356751952e-08,2.3770304835579736e-08
488.0,2.4579003721214576e-08,2.37637749478381e-08
489.0,2.4544624110944824e-08,2.375252527997418e-08
490.0,2.4509638762992836e-08,2.374061658372284e-08
491.0,2.4476108251292317e-08,2.37298980465539e-08
492.0,2.444242319654677e-08,2.371792717781318e-08
493.0,2.440856938790148e-08,2.3701804963138784e-08
494.0,2.4375438556489826e-08,2.3686776984277458e-08
495.0,2.434249068983263e-08,2.3670704507594564e-08
496.0,2.431006151937254e-08,2.3649379343737564e-08
497.0,2.4277605703559857e-08,2.363386819581592e-08
498.0,2.4245625951380134e-08,2.361272422035654e-08
499.0,2.4213715477117148e-08,2.3592205522504628e-08
500.0,2.4182417845963755e-08,2.356832240479889e-08
501.0,2.4151471933464563e-08,2.3543750060639468e-08
502.0,2.4120611286093663e-08,2.3514930447277038e-08
503.0,2.4090512695806865e-08,2.3492013667691936e-08
504.0,2.4059923831032393e-08,2.3461158349391553e-08
505.0,2.4030089917914665e-08,2.3433376128423333e-08
506.0,2.400066279051316e-08,2.3404709281749092e-08
507.0,2.3971363560804093e-08,2.337077020797551e-08
508.0,2.3942515525732233e-08,2.3336658827588508e-08
509.0,2.391376696664338e-08,2.3307874741362866e-08
510.0,2.3885144528890123e-08,2.3272070492907915e-08
511.0,2.385701591833822e-08,2.323503167644958e-08
512.0,2.3829402451269743e-08,2.3201318199994603e-08
513.0,2.3801380422128204e-08,2.3164133722275437e-08
514.0,2.3773765178702888e-08,2.312790492453587e-08
515.0,2.3746437705085555e-08,2.3091965672961123e-08
516.0,2.3718810027162363e-08,2.305569601901425e-08
517.0,2.3691823614058194e-08,2.3019415706926338e-08
518.0,2.366491003158444e-08,2.2984474767895335e-08
519.0,2.3637827695210945e-08,2.295048595613025e-08
520.0,2.3610727595269054e-08,2.291957201805417e-08
521.0,2.3584188824088415e-08,2.2888722028824304e-08
522.0,2.3557534589713214e-08,2.2857028270095725e-08
523.0,2.3531136150722887e-08,2.28282583947248e-08
524.0,2.3504604484969605e-08,2.2800193733019114e-08
525.0,2.3478477828575706e-08,2.2776001529223322e-08
526.0,2.3452329855899734e-08,2.275207755531028e-08
527.0,2.3426530049164285e-08,2.272959065408031e-08
528.0,2.340056681759961e-08,2.270927978997861e-08
529.0,2.337512583494572e-08,2.2688231737788556e-08
530.0,2.334947879489846e-08,2.2669864208069157e-08
531.0,2.3324190578932757e-08,2.265416121360886e-08
532.0,2.329898229902483e-08,2.2638687369180843e-08
533.0,2.3273965865655555e-08,2.2628995566265075e-08
534.0,2.3249212333098512e-08,2.2612795191889745e-08
535.0,2.3224675516075877e-08,2.2599980553650312e-08
536.0,2.3200177778903708e-08,2.2591180481867923e-08
537.0,2.3175950047971128e-08,2.258034648150442e-08
538.0,2.315194791435715e-08,2.257170095276706e-08
539.0,2.312798841330732e-08,2.2560838530694127e-08
540.0,2.3104457014255786e-08,2.2551009948301726e-08
541.0,2.308096114234104e-08,2.2540021404893196e-08
542.0,2.305767488053334e-08,2.2529933474402242e-08
543.0,2.3034480989281292e-08,2.2515379782817035e-08
544.0,2.3011599736832977e-08,2.250236086354107e-08
545.0,2.2988592363049065e-08,2.248521546732718e-08
546.0,2.2966082369180185e-08,2.2470302951660415e-08
547.0,2.294349599196721e-08,2.245272057166403e-08
548.0,2.2921151199284395e-08,2.2431155599633712e-08
549.0,2.2898849039165725e-08,2.241086960452776e-08
550.0,2.287673694922887e-08,2.238844842850085e-08
551.0,2.285490730002948e-08,2.2369096797092425e-08
552.0,2.2833065216332216e-08,2.2346645422999245e-08
553.0,2.2811533995081845e-08,2.2324851300936643e-08
554.0,2.2789830467218053e-08,2.2306993585630153e-08
555.0,2.2768475105294783e-08,2.228739681697789e-08
556.0,2.274713040151255e-08,2.2271271049589814e-08
557.0,2.272606636211094e-08,2.2254670994925618e-08
558.0,2.270516397118172e-08,2.2240319808020104e-08
559.0,2.268431309460084e-08,2.2227434115507094e-08
560.0,2.2663440901737886e-08,2.221693229387256e-08
561.0,2.264305010157841e-08,2.2212468309135147e-08
562.0,2.2622687723128365e-08,2.2198172189291654e-08
563.0,2.26023875171677e-08,2.219051253860016e-08
564.0,2.2582117509273303e-08,2.218636296902332e-08
565.0,2.2562122836689014e-08,2.2177582437166166e-08
566.0,2.2542359090493846e-08,2.217173467045086e-08
567.0,2.252244257761049e-08,2.2164202917451803e-08
568.0,2.2502943508584394e-08,2.2158841872510493e-08
569.0,2.2483625627955917e-08,2.215301897479094e-08
570.0,2.2464284654688527e-08,2.2144920563960113e-08
571.0,2.244510710625036e-08,2.2139495570172585e-08
572.0,2.2426055679147794e-08,2.2131231958155695e-08
573.0,2.2407279587355333e-08,2.2122870646512638e-08
574.0,2.2388473297496603e-08,2.2112367048521264e-08
575.0,2.2369720298343054e-08,2.2101588115219784e-08
576.0,2.235137053219205e-08,2.209105787187582e-08
577.0,2.2332981686190578e-08,2.207826099720478e-08
578.0,2.231482554293507e-08,2.206661697812251e-08
579.0,2.229684348264982e-08,2.205364779683805e-08
580.0,2.2278939582065505e-08,2.203928239907782e-08
581.0,2.2261261278799793e-08,2.2026886981052485e-08
582.0,2.2243623831741388e-08,2.2010656408610885e-08
583.0,2.22262350746405e-08,2.1995315790945824e-08
584.0,2.2208736183415567e-08,2.198084558813207e-08
585.0,2.2191555260064888e-08,2.1964918772710007e-08
586.0,2.2174763358862037e-08,2.194805404087674e-08
587.0,2.2157808032829962e-08,2.1931258586960212e-08
588.0,2.2140939748283017e-08,2.1915793624316393e-08
589.0,2.21242846265568e-08,2.1900710578393046e-08
590.0,2.2107801811444006e-08,2.188348524612138e-08
591.0,2.2091489526587793e-08,2.1868046928830154e-08
592.0,2.207514526730847e-08,2.185200465021353e-08
593.0,2.2059225557313766e-08,2.1834273056242637e-08
594.0,2.2043179725983464e-08,2.1817958995029585e-08
595.0,2.2027339952046532e-08,2.1804739347430768e-08
596.0,2.2011716893644007e-08,2.1787860404742787e-08
597.0,2.199612936237827e-08,2.1774441805177958e-08
598.0,2.1980650188879736e-08,2.1758157942031175e-08
599.0,2.1965362861919857e-08,2.174520474795827e-08
600.0,2.195013237837884e-08,2.172698643221338e-08
601.0,2.193508308323544e-08,2.1709078978915386e-08
602.0,2.192013148771821e-08,2.169531931883739e-08
603.0,2.1905391278664865e-08,2.1680257589196117e-08
604.0,2.189068659674831e-08,2.166419221794058e-08
605.0,2.1876076061744243e-08,2.1650254922178647e-08
606.0,2.1861621846142043e-08,2.163671020127822e-08
607.0,2.1847339937153265e-08,2.1622481582994624e-08
608.0,2.183293013047205e-08,2.160791900962522e-08
609.0,2.18189200040797e-08,2.159340617424732e-08
610.0,2.1804888561405278e-08,2.1579538156402123e-08
611.0,2.1790951265643344e-08,2.156491341054334e-08
612.0,2.1777209369133743e-08,2.15507007794713e-08
613.0,2.1763320035006473e-08,2.1538976824331257e-08
614.0,2.1749752221467133e-08,2.1525705662384098e-08
615.0,2.1736305200192874e-08,2.1511528558448845e-08
616.0,2.1722776466504e-08,2.1498848923329206e-08
617.0,2.1709489317345287e-08,2.14840607526412e-08
618.0,2.169615420655191e-08,2.1474120259767915e-08
619.0,2.168306600935921e-08,2.145965005695416e-08
620.0,2.167002577380117e-08,2.1446243891887207e-08
621.0,2.165694112932215e-08,2.1435992536567028e-08
622.0,2.164400036974712e-08,2.1423652185603714e-08
623.0,2.1631153757084576e-08,2.1412903450368503e-08
624.0,2.1618417278546076e-08,2.1401676875143494e-08
625.0,2.1605767841492707e-08,2.1390663462739212e-08
626.0,2.1593221433136023e-08,2.138072296986593e-08
627.0,2.1580575548796332e-08,2.1371134195646846e-08
628.0,2.1568277830397165e-08,2.13605506615977e-08
629.0,2.155591438679494e-08,2.135080734433359e-08
630.0,2.1543728578876653e-08,2.134263255015867e-08
631.0,2.153147526939847e-08,2.133365128997866e-08
632.0,2.1519383608392673e-08,2.132438758906119e-08
633.0,2.150721378768594e-08,2.131682919070954e-08
634.0,2.1495273117011493e-08,2.1308455444568608e-08
635.0,2.1483327117266526e-08,2.1301291397435307e-08
636.0,2.1471480593504566e-08,2.1295043950431136e-08
637.0,2.1459651833311e-08,2.1288466101054837e-08
638.0,2.1447911890959404e-08,2.1282497542074452e-08
639.0,2.1436273200947653e-08,2.127696596687656e-08
640.0,2.142460786558331e-08,2.127101694782141e-08
641.0,2.1413105955048195e-08,2.1263584670805358e-08
642.0,2.140162891350883e-08,2.125821829679353e-08
643.0,2.1390267335164026e-08,2.125419307219545e-08
644.0,2.1378776082769946e-08,2.1247807069357805e-08
645.0,2.1367467795130324e-08,2.1243371506329822e-08
646.0,2.135637622302511e-08,2.123712405932565e-08
647.0,2.134538590325974e-08,2.123251086061373e-08
648.0,2.13341309063253e-08,2.122684783500972e-08
649.0,2.1323147691987288e-08,2.1221950419203495e-08
650.0,2.1312168030362955e-08,2.1215342371760926e-08
651.0,2.1301257646655358e-08,2.121014652800568e-08
652.0,2.12904165408645e-08,2.1205652345201997e-08
653.0,2.127971754362079e-08,2.1199019428763677e-08
654.0,2.1268981242883456e-08,2.119409181489118e-08
655.0,2.125833908905861e-08,2.1187380738751926e-08
656.0,2.124776443679366e-08,2.117990582917173e-08
657.0,2.1237402947349437e-08,2.1172930075863405e-08
658.0,2.122690823114226e-08,2.1166083996604357e-08
659.0,2.121669062660203e-08,2.1159248575486345e-08
660.0,2.1206433942211333e-08,2.115191399809646e-08
661.0,2.1196274957446803e-08,2.1143126360811948e-08
662.0,2.1186172816101134e-08,2.1136818517675238e-08
663.0,2.117623054687101e-08,2.1130730942786613e-08
664.0,2.1166098207459072e-08,2.112209429583345e-08
665.0,2.115630159948978e-08,2.111412378269506e-08
666.0,2.1146544071370954e-08,2.1105465819459823e-08
667.0,2.1136878913807777e-08,2.1097458002827807e-08
668.0,2.1127119609332112e-08,2.1090000856816005e-08
669.0,2.1117632087452876e-08,2.108062702177449e-08
670.0,2.1107968706246538e-08,2.1073228495538388e-08
671.0,2.1098445657230513e-08,2.1065691413468812e-08
672.0,2.1089237023375063e-08,2.105595520163206e-08
673.0,2.1079863188333547e-08,2.104928853441379e-08
674.0,2.107070606882644e-08,2.1042584563701894e-08
675.0,2.1061413946199536e-08,2.1033541131032507e-08
676.0,2.105260676898979e-08,2.1026462349027497e-08
677.0,2.1043616627025585e-08,2.102002838455519e-08
678.0,2.1034786357176927e-08,2.1012629858319087e-08
679.0,2.1025998719892414e-08,2.100592944032087e-08
680.0,2.101709206669966e-08,2.0999074479277624e-08
681.0,2.1008466077887533e-08,2.0992677818298944e-08
682.0,2.0999900485207945e-08,2.098558482543922e-08
683.0,2.0991333116171518e-08,2.098054885379952e-08
684.0,2.0982847459549703e-08,2.097353046792705e-08
685.0,2.0974374237425764e-08,2.096798823458812e-08
686.0,2.09659720695754e-08,2.096215112601385e-08
687.0,2.0957632074214416e-08,2.0957612534289183e-08
688.0,2.0949466161823693e-08,2.095447904082448e-08
689.0,2.0941341105640277e-08,2.09496242575824e-08
690.0,2.0933223154884217e-08,2.094420281650855e-08
691.0,2.0925257970816347e-08,2.0938236033885005e-08
692.0,2.0917175547197076e-08,2.093493378652056e-08
693.0,2.09091695069219e-08,2.093184825469052e-08
694.0,2.0901300246123355e-08,2.092705564393782e-08
695.0,2.089335104926704e-08,2.0924227683849494e-08
696.0,2.0885760676492282e-08,2.0920824184145204e-08
697.0,2.087809747308711e-08,2.091671369441883e-08
698.0,2.0870412953399864e-08,2.09150847751971e-08
699.0,2.086278350077464e-08,2.091221773525831e-08
700.0,2.085514516636522e-08,2.0908917264250704e-08
701.0,2.0847743087415438e-08,2.0905297049012006e-08
702.0,2.0840085213080783e-08,2.090409978450225e-08
703.0,2.0832770175616133e-08,2.0899429742371467e-08
704.0,2.0825503099786147e-08,2.089752371148279e-08
705.0,2.0818129442545796e-08,2.0895463137549086e-08
706.0,2.0811032896972392e-08,2.0893121899234757e-08
707.0,2.08037835847108e-08,2.0890174923238192e-08
708.0,2.0796688815494235e-08,2.0887403806568727e-08
709.0,2.0789583388136634e-08,2.0883648588210235e-08
710.0,2.0782495724347427e-08,2.0881216755697096e-08
711.0,2.0775507536541227e-08,2.087720396559689e-08
712.0,2.0768725406128397e-08,2.087240424941683e-08
713.0,2.0761708796612766e-08,2.0868393235673466e-08
714.0,2.0754937324340972e-08,2.0865018157678605e-08
715.0,2.0748066376086172e-08,2.085988448641274e-08
716.0,2.074125760032075e-08,2.085682559993529e-08
717.0,2.0734674421873933e-08,2.0851897986062795e-08
718.0,2.0728043281792452e-08,2.084782657618689e-08
719.0,2.0721408588997292e-08,2.0841392611714582e-08
720.0,2.0714857384973584e-08,2.083591432722187e-08
721.0,2.0708451842210707e-08,2.0831166125390155e-08
722.0,2.0702005443240523e-08,2.0826609770097093e-08
723.0,2.0695699376460652e-08,2.0821389057346096e-08
724.0,2.0689258306560987e-08,2.0815695833675818e-08
725.0,2.0682932699855883e-08,2.0810666967463476e-08
726.0,2.067671722727482e-08,2.0804929334872213e-08
727.0,2.0670514189191636e-08,2.0798443856051563e-08
728.0,2.0664451483298762e-08,2.0792773725020197e-08
729.0,2.0658454502608947e-08,2.0789100219076317e-08
730.0,2.0652418442068665e-08,2.0781380172252284e-08
731.0,2.064638948695574e-08,2.0777727982590477e-08
732.0,2.0640479547751056e-08,2.077091032504086e-08
733.0,2.0634555397691656e-08,2.0766867336874384e-08
734.0,2.0628814212386715e-08,2.0760850816259335e-08
735.0,2.062296466931457e-08,2.0755308582920406e-08
736.0,2.0617203944084395e-08,2.0749602924752253e-08
737.0,2.0611484075061526e-08,2.0744360895719183e-08
738.0,2.06056984808356e-08,2.0738193384772785e-08
739.0,2.060007098236838e-08,2.0735223316137308e-08
740.0,2.059437953505494e-08,2.0729300942434747e-08
741.0,2.0588746707517203e-08,2.0724508331682046e-08
742.0,2.0583250659456098e-08,2.0720301918686346e-08
743.0,2.057776526953603e-08,2.071596227892769e-08
744.0,2.0572251457906532e-08,2.071075577703141e-08
745.0,2.0566764291629624e-08,2.0704941761096052e-08
746.0,2.0561321534273702e-08,2.0701525826893885e-08
747.0,2.0555953383905035e-08,2.069682736305367e-08
748.0,2.0550565693611134e-08,2.0692086266649312e-08
749.0,2.0545208201383502e-08,2.0687522805928893e-08
750.0,2.0539962619636754e-08,2.0682895396362255e-08
751.0,2.053467085261218e-08,2.0678392331774376e-08
752.0,2.0529421718151752e-08,2.0674189471492355e-08
753.0,2.0524229427110185e-08,2.0669240541337786e-08
754.0,2.0519186350043128e-08,2.0665797961783028e-08
755.0,2.051396386093529e-08,2.06612025266395e-08
756.0,2.050898828542813e-08,2.0657834554071997e-08
757.0,2.0503978959141023e-08,2.0653395438330335e-08
758.0,2.0498998054563344e-08,2.0648366572117993e-08
759.0,2.0494102415113957e-08,2.0644538523129086e-08
760.0,2.0489011376412236e-08,2.064004966939592e-08
761.0,2.048411040789233e-08,2.0636546693708624e-08
762.0,2.0479303586284914e-08,2.0631205188692547e-08
763.0,2.047439551233765e-08,2.0627213714874415e-08
764.0,2.0469590467087073e-08,2.0623774688033336e-08
765.0,2.0464785421836496e-08,2.061926274166126e-08
766.0,2.0460140248701464e-08,2.0615097184872866e-08
767.0,2.0455461324786484e-08,2.0610933404441312e-08
768.0,2.0450757531875752e-08,2.0607318518273132e-08
769.0,2.0446067949819735e-08,2.0603524220064173e-08
770.0,2.044146008017833e-08,2.0600586125851805e-08
771.0,2.0436859315964284e-08,2.059683623656383e-08
772.0,2.0432294078887026e-08,2.0594013605546024e-08
773.0,2.0427730618166606e-08,2.0589302707207935e-08
774.0,2.04233074896365e-08,2.0586194082738984e-08
775.0,2.0418942980882093e-08,2.058282788652832e-08
776.0,2.041444702172157e-08,2.0580808168801923e-08
777.0,2.041007185482613e-08,2.0577997972281992e-08
778.0,2.04057108987854e-08,2.0574882242385684e-08
779.0,2.0401341060960476e-08,2.0571469860897196e-08
780.0,2.0397024513840734e-08,2.0568949210542087e-08
781.0,2.039277369192405e-08,2.056648007453532e-08
782.0,2.0388588595210422e-08,2.0563614810953368e-08
783.0,2.0384364418646328e-08,2.0561397917617796e-08
784.0,2.038020951999897e-08,2.0559630442562593e-08
785.0,2.0376077713990526e-08,2.0558548641247398e-08
786.0,2.0371954789766278e-08,2.0556125690518456e-08
787.0,2.0367812325616796e-08,2.0553128976530388e-08
788.0,2.036368051960835e-08,2.055087300334435e-08
789.0,2.0359619767873482e-08,2.0548837298406397e-08
790.0,2.0355724217324678e-08,2.054743575286011e-08
791.0,2.0351725638079188e-08,2.0545883216982475e-08
792.0,2.034765778091696e-08,2.0544224099694475e-08
793.0,2.034372315051769e-08,2.054227898895533e-08
794.0,2.033980806004365e-08,2.0540898759691117e-08
795.0,2.0335981787411583e-08,2.0540156242532248e-08
796.0,2.0332105776788012e-08,2.05385806140157e-08
797.0,2.032834700571584e-08,2.053731051887553e-08
798.0,2.0324630867207816e-08,2.0536116807079452e-08
799.0,2.0320930715911345e-08,2.0534217881618133e-08
800.0,2.031706713978565e-08,2.0534571376629174e-08
801.0,2.0313441595476434e-08,2.0532761269009825e-08
802.0,2.0309773418603072e-08,2.0532473499201842e-08
803.0,2.030622781035163e-08,2.053250902633863e-08
804.0,2.0302561409835107e-08,2.053073266949923e-08
805.0,2.0298962510878482e-08,2.05295140887074e-08
806.0,2.0295399139058645e-08,2.0529288491388797e-08
807.0,2.0291787805604145e-08,2.0528416300180652e-08
808.0,2.028833101519467e-08,2.05275618725409e-08
809.0,2.0284854684859965e-08,2.052827596799034e-08
810.0,2.0281472501437747e-08,2.052818892650521e-08
811.0,2.027809209437237e-08,2.052800418539391e-08
812.0,2.0274690371024917e-08,2.0527069821696386e-08
813.0,2.0271258449611196e-08,2.052554570752818e-08
814.0,2.026792955689416e-08,2.0525716237784764e-08
815.0,2.0264439015704738e-08,2.0525213528799213e-08
816.0,2.026120782261387e-08,2.052412284569982e-08
817.0,2.0257848731830563e-08,2.0523932775518006e-08
818.0,2.0254534049968242e-08,2.0522996635463642e-08
819.0,2.025142897821297e-08,2.052279413078395e-08
820.0,2.024820311419262e-08,2.0521891741509535e-08
821.0,2.024497369745859e-08,2.0520740662277603e-08
822.0,2.0241754938865597e-08,2.0519639321037175e-08
823.0,2.0238539732986283e-08,2.0519109966699034e-08
824.0,2.02352854472565e-08,2.0518456267382135e-08
825.0,2.0232171493717033e-08,2.0517445520340516e-08
826.0,2.0229087738243834e-08,2.0516095489142572e-08
827.0,2.0226002206413796e-08,2.051627667754019e-08
828.0,2.0222922003654276e-08,2.051364234034736e-08
829.0,2.0219960816802995e-08,2.0510519505023694e-08
830.0,2.0216949891960212e-08,2.0510578124799395e-08
831.0,2.021393186169007e-08,2.0508329257040714e-08
832.0,2.0210935147702003e-08,2.0505900977241254e-08
833.0,2.0207917117431862e-08,2.0502879394257434e-08
834.0,2.020495770693742e-08,2.0501490283209023e-08
835.0,2.0202095996069147e-08,2.0500358743902325e-08
836.0,2.0199202310777764e-08,2.049753256017084e-08
837.0,2.019624822935384e-08,2.0494647756663653e-08
838.0,2.0193335004137225e-08,2.0491443208925375e-08
839.0,2.019045020063004e-08,2.048766489792797e-08
840.0,2.0187739480093114e-08,2.048588676473173e-08
841.0,2.0184989679705723e-08,2.0483708951246626e-08
842.0,2.018215639054688e-08,2.0480863227589907e-08
843.0,2.0179422577371042e-08,2.0477258999562764e-08
844.0,2.0176690540552045e-08,2.04727701458296e-08
845.0,2.0173992254512996e-08,2.0470141137707287e-08
846.0,2.0171322390183377e-08,2.0466659478302063e-08
847.0,2.0168638314999043e-08,2.0462897154516213e-08
848.0,2.016601285959041e-08,2.045929470284591e-08
849.0,2.016346201116903e-08,2.0454953286730415e-08
850.0,2.0160758396059464e-08,2.0451519588959854e-08
851.0,2.0158058333663575e-08,2.044759739305846e-08
852.0,2.0155415114686548e-08,2.044339098006276e-08
853.0,2.0152914004256672e-08,2.0438957193391616e-08
854.0,2.0150363155835294e-08,2.0436026204606605e-08
855.0,2.014776256942241e-08,2.043180735711303e-08
856.0,2.0145238366353624e-08,2.04272208037537e-08
857.0,2.0142772783060536e-08,2.042185975881239e-08
858.0,2.0140383583111543e-08,2.041841717925763e-08
859.0,2.013793753974369e-08,2.0414494983356235e-08
860.0,2.0135484390948477e-08,2.0410586998309554e-08
861.0,2.0133031242153265e-08,2.0405165557235705e-08
862.0,2.013053013172339e-08,2.0400786837626583e-08
863.0,2.0128206656977454e-08,2.0396848654513633e-08
864.0,2.012582278609898e-08,2.039268487408208e-08
865.0,2.0123410493511074e-08,2.0388425170381197e-08
866.0,2.0121097676906174e-08,2.038438751128524e-08
867.0,2.0118790189371794e-08,2.0379777865286997e-08
868.0,2.011648625455109e-08,2.037601021243063e-08
869.0,2.011415212166412e-08,2.037188728820638e-08
870.0,2.0111858844984454e-08,2.0367822983757833e-08
871.0,2.010961885900997e-08,2.0363973618486853e-08
872.0,2.010739663660388e-08,2.036028234897458e-08
873.0,2.010511579442209e-08,2.035601553984634e-08
874.0,2.0102788766962476e-08,2.0352066698592353e-08
875.0,2.010064470425732e-08,2.0347950879795462e-08
876.0,2.009842603456491e-08,2.0344925744097964e-08
877.0,2.009631927535338e-08,2.0341836659554247e-08
878.0,2.009421429249869e-08,2.0339383510759035e-08
879.0,2.0092187469344935e-08,2.0335773953661374e-08
880.0,2.0090020314000867e-08,2.0333164485464295e-08
881.0,2.008796329278084e-08,2.0329427030674196e-08
882.0,2.0085847651785116e-08,2.0325796157294462e-08
883.0,2.0083806617776645e-08,2.032305168597759e-08
884.0,2.008177801826605e-08,2.0320275240237606e-08
885.0,2.0079806262174316e-08,2.031768531196576e-08
886.0,2.0077729701029057e-08,2.0314598003778883e-08
887.0,2.0075697548804783e-08,2.0311953008445016e-08
888.0,2.0073686712862582e-08,2.0308823067693993e-08
889.0,2.007170607498665e-08,2.0305639836237788e-08
890.0,2.0069791162313777e-08,2.030198942293282e-08
891.0,2.0067762562803182e-08,2.029917922641289e-08
892.0,2.006584054470295e-08,2.0296711866762962e-08
893.0,2.0064021555299405e-08,2.029428536332034e-08
894.0,2.006204802285083e-08,2.0292086233553164e-08
895.0,2.0060195282667337e-08,2.0289986579768993e-08
896.0,2.0058273264567106e-08,2.0287412638708702e-08
897.0,2.0056376115462626e-08,2.0285131796526912e-08
898.0,2.005456067877276e-08,2.028237844342584e-08
899.0,2.0052702609518747e-08,2.0280175760944985e-08
900.0,2.0050967108886653e-08,2.0277747481145525e-08
901.0,2.0049126803201034e-08,2.0275766843269594e-08
902.0,2.0047288273872255e-08,2.0273926537583975e-08
903.0,2.004549770617814e-08,2.0271285094963787e-08
904.0,2.0043652071422002e-08,2.0268455358518622e-08
905.0,2.004187926729628e-08,2.0266426759008027e-08
906.0,2.0040028303469626e-08,2.0264243616452404e-08
907.0,2.003827148655546e-08,2.026271594957052e-08
908.0,2.0036599934769583e-08,2.0260129574012353e-08
909.0,2.0034855552353292e-08,2.0258323019106683e-08
910.0,2.0033134262575913e-08,2.0256152311048936e-08
911.0,2.003137034023439e-08,2.0254345756143266e-08
912.0,2.002985688420722e-08,2.02527061787805e-08
913.0,2.0028192437848702e-08,2.025051415444068e-08
914.0,2.0026504898851272e-08,2.0248760890240192e-08
915.0,2.002490617769581e-08,2.0246595511252963e-08
916.0,2.0023335878249782e-08,2.0244721454787395e-08
917.0,2.0021637681111315e-08,2.024281720025556e-08
918.0,2.0019985669250673e-08,2.0240939591076312e-08
919.0,2.001839405352257e-08,2.0239131259813803e-08
920.0,2.0016832635860737e-08,2.023760359293192e-08
921.0,2.0015171742215898e-08,2.023564960040858e-08
922.0,2.0013667167972926e-08,2.023404732653944e-08
923.0,2.0012071999531145e-08,2.0232233666206412e-08
924.0,2.0010560319860815e-08,2.0230949360211525e-08
925.0,2.0009107259966186e-08,2.022900602582922e-08
926.0,2.000758136944114e-08,2.0227101771297384e-08
927.0,2.0006114098691796e-08,2.022519041133819e-08
928.0,2.0004486955826906e-08,2.0223437147137702e-08
929.0,2.0003156464554195e-08,2.022181000427281e-08
930.0,2.000172116822796e-08,2.0220253915681496e-08
931.0,2.000017929049136e-08,2.021864276002816e-08
932.0,1.9998735112380928e-08,2.0217390428456383e-08
933.0,1.9997299816054692e-08,2.0215571439052837e-08
934.0,1.9995896494151566e-08,2.0214097062876135e-08
935.0,1.9994471855966367e-08,2.0212828744092803e-08
936.0,1.9993048994138007e-08,2.0211079032605994e-08
937.0,1.9991638566807524e-08,2.0209572682006183e-08
938.0,1.999023169219072e-08,2.020807166047689e-08
939.0,1.998889942456117e-08,2.0206400108691014e-08
940.0,1.9987430377454984e-08,2.020546396863665e-08
941.0,1.9986043042763413e-08,2.020400913238518e-08
942.0,1.998477827669376e-08,2.0202611139552573e-08
943.0,1.9983497523412552e-08,2.0200770833866954e-08
944.0,1.9982099530579944e-08,2.0199680150767563e-08
945.0,1.9980857857149203e-08,2.0198198669163503e-08
946.0,1.997956466937012e-08,2.0197150618628257e-08
947.0,1.9978244836238446e-08,2.0195377814502535e-08
948.0,1.997701559730558e-08,2.019399936159516e-08
949.0,1.997577570023168e-08,2.0193120064959658e-08
950.0,1.997447185431156e-08,2.0191738059338604e-08
951.0,1.9973297682440716e-08,2.0190519478546776e-08
952.0,1.997213239235407e-08,2.0189192539987744e-08
953.0,1.9970846310002344e-08,2.018787270685607e-08
954.0,1.9969661479990464e-08,2.018668965320103e-08
955.0,1.996839671392081e-08,2.0185387583637748e-08
956.0,1.9967231423834164e-08,2.0184355520314057e-08
957.0,1.9966071462818036e-08,2.0183508198101663e-08
958.0,1.9964886632806156e-08,2.018197342579242e-08
959.0,1.9963673381084845e-08,2.018111899815267e-08
960.0,1.9962607566981205e-08,2.0179978577061775e-08
961.0,1.9961445829608238e-08,2.0179038884293732e-08
962.0,1.996034093565413e-08,2.0178090309741492e-08
963.0,1.9959209396347433e-08,2.0177095549911428e-08
964.0,1.995806186982918e-08,2.017590361447219e-08
965.0,1.9956830854539476e-08,2.0174978132558863e-08
966.0,1.9955699315232778e-08,2.0174166337483257e-08
967.0,1.9954557117785043e-08,2.0173102299736456e-08
968.0,1.9953482421897206e-08,2.0171981418570795e-08
969.0,1.99524361477188e-08,2.017075217963793e-08
970.0,1.9951274410345832e-08,2.0169617087617553e-08
971.0,1.9950102014831828e-08,2.016891897937967e-08
972.0,1.9949034424371348e-08,2.016775901836354e-08
973.0,1.994781229086584e-08,2.0167126635328714e-08
974.0,1.9946675422488624e-08,2.016578015684445e-08
975.0,1.994552967232721e-08,2.0164426572932825e-08
976.0,1.9944430107443623e-08,2.0163275493700894e-08
977.0,1.9943406925904128e-08,2.0162275404800312e-08
978.0,1.9942389073435152e-08,2.0161145641850453e-08
979.0,1.9941250428701096e-08,2.015997146997961e-08
980.0,1.9940122442108077e-08,2.0158999802788458e-08
981.0,1.9939154327630604e-08,2.0158267943770625e-08
982.0,1.993812759337743e-08,2.0157171931600715e-08
983.0,1.9937019146709645e-08,2.0156251778757905e-08
984.0,1.9936074124871084e-08,2.0155457747250694e-08
985.0,1.9935033179763195e-08,2.0154267588168295e-08
986.0,1.9934018880007898e-08,2.01534788857316e-08
987.0,1.993303655467571e-08,2.0152540969320398e-08
988.0,1.993196718785839e-08,2.0151610158336553e-08
989.0,1.993092801910734e-08,2.0150439539179388e-08
990.0,1.9929940364704635e-08,2.014968814023632e-08
991.0,1.9929020211861825e-08,2.0148462454017135e-08
992.0,1.9927950845044506e-08,2.014753164303329e-08
993.0,1.99270218104175e-08,2.014622424439949e-08
994.0,1.992609988121785e-08,2.014533606597979e-08
995.0,1.9925238348150742e-08,2.014412636697216e-08
996.0,1.9924231153822802e-08,2.0143453127730027e-08
997.0,1.9923414029676678e-08,2.0142453038829444e-08
998.0,1.9922506311331745e-08,2.0141623480185444e-08
999.0,1.9921476024364893e-08,2.014050970444714e-08
