epoch,validation_loss_s,validation_loss_T,validation_loss_p,validation_loss_c2
0.0,0.000224785893313354,0.0006583613192883009,0.00013849970983539895,0.013012836777163424
1.0,0.00032685961901070726,0.000422182234283571,0.00014848566984998487,0.01194962232572699
2.0,0.0003246251628368295,0.0002635142845348228,0.00010242346741780286,0.010994255025222275
3.0,0.0002769267059276528,0.00031019352655496755,0.00023818624119991544,0.009688834771677667
4.0,0.00017029997120091158,0.00021739927389392876,0.0001797605670310601,0.007444549465412538
5.0,0.00013136432094876076,0.00012620426597663887,0.0001535882981373279,0.006317232453139266
6.0,0.00010309035906268578,9.234808608884309e-05,7.947493290505786e-05,0.00540464390100395
7.0,7.214323455917131e-05,8.04956033714567e-05,5.009151288691312e-05,0.0046421686051697116
8.0,5.212652538630499e-05,7.501287119726905e-05,3.330293066228268e-05,0.004044006834833087
9.0,3.760878085698367e-05,6.913356581935666e-05,2.9677248633897617e-05,0.0035365801966864008
10.0,2.9383486347186787e-05,6.214441681023356e-05,2.453888619800441e-05,0.0030839898697017747
11.0,2.5424229083718398e-05,5.7061729520779e-05,1.15185241768344e-05,0.0026446434675268366
12.0,2.2759560991608155e-05,5.4308732933042467e-05,2.9242485814251504e-05,0.002375586546985546
13.0,2.167426617316578e-05,4.651361034854866e-05,2.2164435530224244e-05,0.002052807470174843
14.0,2.1075171263050234e-05,4.248667956415782e-05,1.7673616525181644e-05,0.00177705390382729
15.0,2.100408141861577e-05,4.2688014016347546e-05,8.861687845007427e-06,0.0015151389942788225
16.0,2.0470424614714597e-05,4.230140457065987e-05,8.116000867930764e-06,0.0013104015437520053
17.0,1.9908273526368486e-05,4.1363055372402285e-05,1.2427633356845046e-05,0.0011564160766511819
18.0,1.9579068555159203e-05,6.0955086624958104e-05,9.134031201085414e-06,0.001001893170553856
19.0,1.91861176005852e-05,7.568880253933361e-05,6.769467099714029e-06,0.0008703475366143764
20.0,1.9052434503107684e-05,9.065760508237439e-05,8.23294015823479e-06,0.0007811123661929427
21.0,1.8425829319171445e-05,7.61646548383994e-05,9.212776086770182e-06,0.0007017104538118781
22.0,1.82857261042766e-05,5.2185740228277534e-05,1.0479584392462792e-05,0.0006394749462901319
23.0,1.804138978047939e-05,4.511353232494136e-05,1.0738137772030329e-05,0.0005839116367691987
24.0,1.7755549907360077e-05,4.401414064378685e-05,9.469214014080487e-06,0.0005302882340520853
25.0,1.7479498573290742e-05,4.0394079149130155e-05,8.193132235553199e-06,0.00048375191176698216
26.0,1.7108070698871494e-05,3.547484424951106e-05,8.239239086294748e-06,0.0004464178176822722
27.0,1.6691351133460226e-05,3.001412721958048e-05,7.016170597038493e-06,0.0004078131399929089
28.0,1.6333302453304936e-05,2.9790410690281765e-05,6.888544673230869e-06,0.0003785743805827367
29.0,1.6018179846503627e-05,2.5710614593114725e-05,6.857207054773453e-06,0.0003519551716749141
30.0,1.5602462110027487e-05,2.2343406566866544e-05,5.3211144094576e-06,0.00032109069316293585
31.0,1.5272171943994713e-05,2.1571218869372988e-05,6.019883229497375e-06,0.0003014050917410574
32.0,1.4824625531735914e-05,1.896393501787595e-05,5.580227634133754e-06,0.0002794506208360505
33.0,1.4451666465780949e-05,1.623168943263492e-05,4.200659259054568e-06,0.00025618382339346484
34.0,1.4105372508130666e-05,1.477076179522977e-05,3.875278948713334e-06,0.00023804308721116238
35.0,1.3716799005765155e-05,1.3671322374393073e-05,4.042571151654717e-06,0.00022315329853902973
36.0,1.3369643500130825e-05,1.2671848566305807e-05,3.6377339857761683e-06,0.00020725824643094847
37.0,1.3046469432948612e-05,1.1645323813223835e-05,3.2719565230593754e-06,0.0001929784859069086
38.0,1.2766130975565686e-05,1.0734023878193855e-05,2.8245714761810794e-06,0.000179666590796717
39.0,1.2575531164292657e-05,1.0249169593660126e-05,2.3541574804659505e-06,0.0001674669644098671
40.0,1.2332529657785596e-05,9.630666447470123e-06,2.176494274716791e-06,0.0001570370980414718
41.0,1.2148692452755711e-05,9.21910647354625e-06,1.9910171237682047e-06,0.00014741529382387275
42.0,1.1973537127716245e-05,8.782341841075976e-06,1.8304005818979828e-06,0.00013869872085853585
43.0,1.1877102206271305e-05,8.544854557033082e-06,1.6449485244300917e-06,0.00013074278676101302
44.0,1.1773979230348703e-05,8.399746139410454e-06,1.5053947390649593e-06,0.00012346966847970092
45.0,1.1716415020525678e-05,8.399729874310532e-06,1.4116017628893914e-06,0.00011713264706672296
46.0,1.1639987721688212e-05,8.381026642831961e-06,1.3270763786827457e-06,0.00011130460752400039
47.0,1.1540640333467654e-05,8.311888242097849e-06,1.2430322179144486e-06,0.00010603548575553552
48.0,1.1467310440923841e-05,8.180291164476377e-06,1.2012928520175985e-06,0.00010139237197178946
49.0,1.1374165330619246e-05,7.962591580862167e-06,1.1388143759093074e-06,9.703817837282236e-05
50.0,1.1270625404970672e-05,7.737077495709322e-06,1.0944781500020267e-06,9.289361816586602e-05
51.0,1.1152779227009648e-05,7.512629338727855e-06,1.0586727761205388e-06,8.8936709710495e-05
52.0,1.1035378108109413e-05,7.250422647837683e-06,1.0218816952930432e-06,8.52072584698237e-05
53.0,1.0929205344298553e-05,6.954646579411518e-06,9.218955176566232e-07,8.16594700184689e-05
54.0,1.087741752374086e-05,6.470392098707289e-06,8.553137027053126e-07,7.851278266804974e-05
55.0,1.0747545264635203e-05,6.28308677545692e-06,8.212254915197287e-07,7.524218484738582e-05
56.0,1.0673559601054193e-05,5.909711854355552e-06,7.619661398733705e-07,7.222369520217311e-05
57.0,1.0534521266922772e-05,5.663070213966355e-06,7.118591927786353e-07,6.89828503829474e-05
58.0,1.0339977612648719e-05,5.465936353371409e-06,6.694340062876897e-07,6.553455207034023e-05
59.0,1.0166854317910962e-05,5.17284676243375e-06,6.053033509108258e-07,6.223218055523276e-05
60.0,9.918551632251238e-06,5.012058044505758e-06,5.534136819648727e-07,5.883487358841023e-05
61.0,9.706587124652524e-06,4.853577311038382e-06,5.14316809610233e-07,5.572171986614765e-05
62.0,9.539915784595578e-06,4.71894929393912e-06,4.89384470667631e-07,5.2956531869648176e-05
63.0,9.310441806129733e-06,4.623306146444836e-06,4.565351105698548e-07,5.032082939471625e-05
64.0,9.123243855864425e-06,4.537386381006279e-06,4.3360835703400927e-07,4.7986588912920184e-05
65.0,8.942121995055336e-06,4.458747669644703e-06,4.115467585514993e-07,4.590206115371292e-05
66.0,8.772407159773418e-06,4.3832826934112055e-06,3.919048485048905e-07,4.4041095752521215e-05
67.0,8.61470780769422e-06,4.308799077656641e-06,3.7463316714135843e-07,4.233486154620251e-05
68.0,8.463834424751874e-06,4.240895337989336e-06,3.578390929325382e-07,4.0775860639673286e-05
69.0,8.323735522447886e-06,4.170674720279275e-06,3.429134103483242e-07,3.937882465211731e-05
70.0,8.193398231756388e-06,4.102196389833546e-06,3.2901281299565847e-07,3.810807763548216e-05
71.0,8.085311674018447e-06,4.03217885762901e-06,3.2187207963555633e-07,3.7007815701133734e-05
72.0,7.975349678356238e-06,3.968694580098828e-06,3.1193635135748176e-07,3.594255616118094e-05
73.0,7.858384367274498e-06,3.915079182985732e-06,2.9440964958699335e-07,3.4929675185728085e-05
74.0,7.75896151549665e-06,3.857727755890401e-06,2.896951780264014e-07,3.3940294991598684e-05
75.0,7.661662745818269e-06,3.8019642203238114e-06,2.764677150349681e-07,3.3073682547077803e-05
76.0,7.5651016036107275e-06,3.7449164407061077e-06,2.6785061929037e-07,3.2197653411758474e-05
77.0,7.472870965421205e-06,3.688703564511826e-06,2.6078454051329597e-07,3.135482319347387e-05
78.0,7.397865974079466e-06,3.63541205859286e-06,2.56941760115156e-07,3.06560008610061e-05
79.0,7.305225784175011e-06,3.58345137529189e-06,2.4785637964629963e-07,2.9860442328595096e-05
80.0,7.227237028285808e-06,3.5308472099514223e-06,2.4297805135852977e-07,2.9167404271938707e-05
81.0,7.1515378855279626e-06,3.4877632336085007e-06,2.3756020782385109e-07,2.8497439378052068e-05
82.0,7.0774999356479504e-06,3.439932031594654e-06,2.3251978607668945e-07,2.7846196843007874e-05
83.0,6.997097105724548e-06,3.3880510799471212e-06,2.2693734550841921e-07,2.7190170310600718e-05
84.0,6.936339275983234e-06,3.3471493340671004e-06,2.2344433245700774e-07,2.6627118480547795e-05
85.0,6.865289375508639e-06,3.298980027862971e-06,2.190927510658862e-07,2.603733243861193e-05
86.0,6.85873913132799e-06,3.2231280503225997e-06,2.453652499518257e-07,2.5680729568056546e-05
87.0,6.765986533022595e-06,3.203617758411765e-06,2.2191890241713268e-07,2.5064897681730842e-05
88.0,6.7004083642272815e-06,3.1622948275183157e-06,2.1595568774487448e-07,2.455157273398104e-05
89.0,6.642153014595676e-06,3.1167579107660807e-06,2.141296209039282e-07,2.4079064720898743e-05
90.0,6.56751971714205e-06,3.0819877877844615e-06,2.0129963065902474e-07,2.3545275673334318e-05
91.0,6.508107316538255e-06,3.0469884338593777e-06,1.980500102799391e-07,2.306866083157278e-05
92.0,6.4560542514144906e-06,3.000667521217486e-06,1.9937733148092885e-07,2.2636013747475148e-05
93.0,6.4116882532253425e-06,2.9531220253939062e-06,2.0348495463386571e-07,2.2251426250110408e-05
94.0,6.36268432294659e-06,2.915510507365931e-06,2.0096362081132796e-07,2.1849535223776127e-05
95.0,6.315017557667917e-06,2.8760674595822446e-06,2.0042105082820752e-07,2.146671600633556e-05
96.0,6.26182388501161e-06,2.8465005909528773e-06,1.930258158149011e-07,2.105952359753563e-05
97.0,6.213593629417414e-06,2.814779343827574e-06,1.885528490939594e-07,2.0680661736003476e-05
98.0,6.169296802427052e-06,2.77984741932203e-06,1.8683939882748743e-07,2.0325289019732818e-05
99.0,6.127267212246112e-06,2.7471533965775745e-06,1.842363988915607e-07,1.9984585321856756e-05
100.0,6.0878969033211696e-06,2.702201646403975e-06,1.8869294489081385e-07,1.966776821730419e-05
101.0,6.044194274312874e-06,2.682398474404112e-06,1.791214428054349e-07,1.9334266055719493e-05
102.0,5.997538801129093e-06,2.663018137571032e-06,1.672007617310405e-07,1.897257894888277e-05
103.0,5.961051552044481e-06,2.629808145112401e-06,1.6503220632924e-07,1.8664862828109023e-05
104.0,5.923496152348006e-06,2.5975760543785052e-06,1.6254786024619955e-07,1.8371566833643165e-05
105.0,5.887434431586935e-06,2.5728333731073466e-06,1.5892151062435216e-07,1.8091978231076062e-05
106.0,5.852243684262781e-06,2.5394149339959562e-06,1.5803717601981308e-07,1.782355353843786e-05
107.0,5.822171056015414e-06,2.50291390153134e-06,1.609598711846995e-07,1.7569303454492048e-05
108.0,5.788509615509068e-06,2.4659709651487943e-06,1.6252940318874535e-07,1.7331062872387673e-05
109.0,5.7544650670505375e-06,2.4395523457837847e-06,1.5958449180739807e-07,1.7072395919367148e-05
110.0,5.724051425378544e-06,2.4080560128666472e-06,1.6043846003886867e-07,1.683776669386163e-05
111.0,5.690131131461013e-06,2.3850855943968327e-06,1.5571464629102954e-07,1.6583940455116906e-05
112.0,5.660935643000088e-06,2.3532559636623794e-06,1.5621364985824742e-07,1.6356710028899385e-05
113.0,5.6303130060964475e-06,2.3284473668350687e-06,1.5277342601718855e-07,1.613504359161144e-05
114.0,5.601551536572333e-06,2.2963535909671606e-06,1.5371706410882888e-07,1.5909365080313822e-05
115.0,5.5731896052950975e-06,2.2712245379271986e-06,1.511401011893634e-07,1.5691969488240792e-05
116.0,5.5451530613955895e-06,2.243334631691233e-06,1.5045716339533414e-07,1.54801527632466e-05
117.0,5.517648316076304e-06,2.2194123380409273e-06,1.4737367881081824e-07,1.5267573496634257e-05
118.0,5.4905698205522365e-06,2.195502348188734e-06,1.4504050142447195e-07,1.5057477615213778e-05
119.0,5.463071035758282e-06,2.1741702347830617e-06,1.4114108249006752e-07,1.4847198296675797e-05
120.0,5.444341504619487e-06,2.1388274920135546e-06,1.4768064851043942e-07,1.4695473544516182e-05
121.0,5.426936632245276e-06,2.1067391128264027e-06,1.5131633267651848e-07,1.4510273340130429e-05
122.0,5.395468172315606e-06,2.09188821959654e-06,1.4313352535047972e-07,1.42961028971057e-05
123.0,5.366965676534264e-06,2.077010309513624e-06,1.3463822569637415e-07,1.4054553356517855e-05
124.0,5.345850932688991e-06,2.0520184198904015e-06,1.3406584157132656e-07,1.386180739140657e-05
125.0,5.323959427765297e-06,2.029337220178382e-06,1.31732540617141e-07,1.3658559766521232e-05
126.0,5.303072701133089e-06,2.0042918679572953e-06,1.301463601639407e-07,1.3454559181928387e-05
127.0,5.283043683428383e-06,1.979227923097523e-06,1.2850418961188148e-07,1.3239755314094945e-05
128.0,5.263804130786679e-06,1.9542461780628366e-06,1.2662568419094357e-07,1.301043843961081e-05
129.0,5.2452084562573815e-06,1.928908757627244e-06,1.2458822752065692e-07,1.2765891304464339e-05
130.0,5.227142078874492e-06,1.9027699532363616e-06,1.225472658047228e-07,1.2508494492740616e-05
131.0,5.209511244055387e-06,1.8758071915208904e-06,1.2061315864989142e-07,1.2244788713356136e-05
132.0,5.192205148204778e-06,1.8487201895065651e-06,1.1885691198927978e-07,1.1984598965058715e-05
133.0,5.174955672221999e-06,1.8227436230392194e-06,1.1740525641880113e-07,1.1737215633497694e-05
134.0,5.157413255929524e-06,1.7991878554835662e-06,1.1620327198931822e-07,1.1506566634370767e-05
135.0,5.139722186172174e-06,1.7781011561564118e-06,1.1527906505019388e-07,1.129452087708956e-05
136.0,5.1215690820521074e-06,1.7592138675774228e-06,1.1476122614831002e-07,1.1099449808179317e-05
137.0,5.103051380042683e-06,1.7420743245254559e-06,1.146712346826952e-07,1.0918553739886802e-05
138.0,5.084287104393725e-06,1.7258883720453913e-06,1.1495672261718467e-07,1.0749815235420396e-05
139.0,5.065548826535128e-06,1.7095573598037876e-06,1.1573812487222384e-07,1.0593969220835597e-05
140.0,5.046805132748532e-06,1.693652912463789e-06,1.1652113214397369e-07,1.0448054595300754e-05
141.0,5.0276129920110145e-06,1.6798673667983177e-06,1.1640233691120174e-07,1.0306056177940911e-05
142.0,5.008050403853996e-06,1.668752759517044e-06,1.1494739444533209e-07,1.0165928483479471e-05
143.0,4.989063844815542e-06,1.6547801275522374e-06,1.1373119364901262e-07,1.0041669886282336e-05
144.0,4.9729524397198345e-06,1.6399325097409563e-06,1.1500068322817874e-07,9.928682151368141e-06
145.0,4.9553336718942945e-06,1.6277936292066068e-06,1.1439002425577784e-07,9.810479999008044e-06
146.0,4.939134487784597e-06,1.6176926116783488e-06,1.1385002849262565e-07,9.690672740891047e-06
147.0,4.92405210869539e-06,1.6042611777945981e-06,1.15022378324943e-07,9.584946355730107e-06
148.0,4.9106615376226115e-06,1.58883970890303e-06,1.1691030739950897e-07,9.492007314874965e-06
149.0,4.8970226836399835e-06,1.5748910386587734e-06,1.1800964004052153e-07,9.400234683007785e-06
150.0,4.884080893529597e-06,1.562096412996383e-06,1.1912687934952332e-07,9.311123788629916e-06
151.0,4.87218042785362e-06,1.5498467744092198e-06,1.2074089536700135e-07,9.226153713805755e-06
152.0,4.861265295095814e-06,1.5380906294033848e-06,1.2285017184010896e-07,9.14534894853118e-06
153.0,4.850951414215319e-06,1.5268671510146815e-06,1.251435485911885e-07,9.067597723925398e-06
154.0,4.840978883776772e-06,1.5160287613031173e-06,1.2737445598146104e-07,8.992367024512307e-06
155.0,4.8311088112079255e-06,1.5054521057677888e-06,1.2945000087737135e-07,8.919244465751045e-06
156.0,4.821235410995071e-06,1.4951258705493508e-06,1.3119488139581312e-07,8.847427151954633e-06
157.0,4.811429130760293e-06,1.4848441657105753e-06,1.3281909433258544e-07,8.77748082722502e-06
158.0,4.801635780246426e-06,1.4746010036649395e-06,1.3429505917641364e-07,8.709147996000775e-06
159.0,4.791808269131089e-06,1.4644373270276663e-06,1.3557356160190637e-07,8.642132079814455e-06
160.0,4.781921216660973e-06,1.4544184031265964e-06,1.3662644623438301e-07,8.576230241807723e-06
161.0,4.771958579454803e-06,1.44463318084799e-06,1.3742578630579437e-07,8.511252149922565e-06
162.0,4.7618451741846935e-06,1.4352660626633513e-06,1.3785790638127914e-07,8.446744694655481e-06
163.0,4.751566950967108e-06,1.4264685321580701e-06,1.3786662669917582e-07,8.382515017650434e-06
164.0,4.74115746258754e-06,1.418319407133503e-06,1.3744985719054508e-07,8.318553923909366e-06
165.0,4.730620745029805e-06,1.4108752987063256e-06,1.3659223821881683e-07,8.254830150073326e-06
166.0,4.719945996518313e-06,1.4041407018316987e-06,1.3528023729898833e-07,8.191310775488092e-06
167.0,4.7091699121986824e-06,1.398039115119664e-06,1.3357136747430278e-07,8.128133970323571e-06
168.0,4.698330602303251e-06,1.3924859884723894e-06,1.3151213817495928e-07,8.0654289636377e-06
169.0,4.687466003412141e-06,1.387375573848836e-06,1.291471401828983e-07,8.003314729142253e-06
170.0,4.676616669732212e-06,1.382583818134964e-06,1.2653247102907128e-07,7.94192457412844e-06
171.0,4.665822509406893e-06,1.377981205256254e-06,1.2373001423067122e-07,7.881398575421799e-06
172.0,4.655124167271378e-06,1.3734483511089325e-06,1.2080542412360077e-07,7.821878870141507e-06
173.0,4.644564528373271e-06,1.3688911720571068e-06,1.1782541750717322e-07,7.763496475260006e-06
174.0,4.634186989600083e-06,1.3642496062494992e-06,1.1484692682993528e-07,7.706337748437739e-06
175.0,4.624024989260353e-06,1.3594859396939358e-06,1.1190666947727099e-07,7.650450409330986e-06
176.0,4.614076083351705e-06,1.3545451905313617e-06,1.0902445373502785e-07,7.595925702090698e-06
177.0,4.604305190703686e-06,1.3493610651435774e-06,1.0619328955954849e-07,7.542812088086024e-06
178.0,4.59469036341259e-06,1.3439193205176449e-06,1.0339805987641538e-07,7.491051283777559e-06
179.0,4.585235342646386e-06,1.3382371351729725e-06,1.006410002612156e-07,7.440576652361694e-06
180.0,4.575953168734796e-06,1.332329142453953e-06,9.79351842120843e-08,7.391353026470403e-06
181.0,4.566854128227286e-06,1.3262035368451968e-06,9.529502589380814e-08,7.3433651638359044e-06
182.0,4.557942839158211e-06,1.3198655125208536e-06,9.27331049366251e-08,7.2966042157460966e-06
183.0,4.549218963650517e-06,1.3133196094759705e-06,9.025967700082667e-08,7.251061755231425e-06
184.0,4.540678836416235e-06,1.306571462593897e-06,8.788246239066154e-08,7.206726304195216e-06
185.0,4.532316608502141e-06,1.2996276990345763e-06,8.560622055069717e-08,7.163581523082611e-06
186.0,4.5241253744194934e-06,1.292496492454754e-06,8.343316327886506e-08,7.121606276258173e-06
187.0,4.516097739476498e-06,1.2851871918860515e-06,8.136351064529568e-08,7.0807761108720755e-06
188.0,4.508225907463829e-06,1.2777101986057929e-06,7.939605088689329e-08,7.041064533524875e-06
189.0,4.500501824236177e-06,1.2700764523038276e-06,7.752864376297793e-08,7.0024440375071886e-06
190.0,4.492917068344581e-06,1.2622970939623922e-06,7.575868235510744e-08,6.964887610979828e-06
191.0,4.485463097680892e-06,1.254383074601319e-06,7.408326595678717e-08,6.9283685935887475e-06
192.0,4.478131602757166e-06,1.2463442881871064e-06,7.249913069466771e-08,6.892860363230446e-06
193.0,4.47091424750679e-06,1.238188821601352e-06,7.100291197779285e-08,6.85833549169627e-06
194.0,4.463802312030733e-06,1.2299243194838236e-06,6.95915386450534e-08,6.824766679679873e-06
195.0,4.45678744759441e-06,1.2215581532901452e-06,6.826143790697842e-08,6.7921281325195934e-06
196.0,4.449864188989074e-06,1.2130985339895521e-06,6.700814552890944e-08,6.7603978620759795e-06
197.0,4.44302899037623e-06,1.2045552323171284e-06,6.582899856066223e-08,6.729556390366555e-06
198.0,4.436277882692736e-06,1.1959355049299754e-06,6.47212551116008e-08,6.699578214224955e-06
199.0,4.429606010283593e-06,1.1872375243034104e-06,6.367944290411778e-08,6.670430092246629e-06
200.0,4.423008604962546e-06,1.1784578849961312e-06,6.269763293086632e-08,6.642077881746774e-06
201.0,4.416481610792236e-06,1.1695966388109969e-06,6.177078366026643e-08,6.614488898578176e-06
202.0,4.410022228492396e-06,1.160655824584036e-06,6.089436144787495e-08,6.5876303752729056e-06
203.0,4.403628818278288e-06,1.1516377354191334e-06,6.006393416297744e-08,6.5614684953051025e-06
204.0,4.397300953603215e-06,1.1425440183352968e-06,5.9275172122580254e-08,6.535968287337138e-06
205.0,4.391039249701273e-06,1.1333757173935115e-06,5.852390081506605e-08,6.51109449342028e-06
206.0,4.384845350338593e-06,1.1241338495134365e-06,5.780628102300877e-08,6.48681163285242e-06
207.0,4.378721727756785e-06,1.1148196550924464e-06,5.711881891744715e-08,6.463084826221926e-06
208.0,4.37267153434637e-06,1.1054353748682897e-06,5.6458553232031086e-08,6.439879807508436e-06
209.0,4.366698580193946e-06,1.0959852790991014e-06,5.582309155068066e-08,6.4171635605615635e-06
210.0,4.360806960573603e-06,1.086475871550523e-06,5.521056635230499e-08,6.394904664772813e-06
211.0,4.3550009377249265e-06,1.0769156857250126e-06,5.461960392831811e-08,6.373073479461321e-06
212.0,4.34928480975306e-06,1.0673147828044564e-06,5.4049200096315555e-08,6.3516422156622085e-06
213.0,4.343662827692473e-06,1.057684421907928e-06,5.3498693309679414e-08,6.330584713662429e-06
214.0,4.338139269471283e-06,1.0480373232967577e-06,5.296779805249655e-08,6.309876620854683e-06
215.0,4.332718365272974e-06,1.0383877451352093e-06,5.245655600260142e-08,6.289495351805754e-06
216.0,4.327404354260026e-06,1.028750706793936e-06,5.19652023153267e-08,6.269420157692676e-06
217.0,4.322201337859604e-06,1.0191410588236442e-06,5.14939910112293e-08,6.2496318445863596e-06
218.0,4.317113155917683e-06,1.009573196134784e-06,5.1043193412625755e-08,6.230112579021372e-06
219.0,4.312143337271906e-06,1.0000617812555843e-06,5.0613175694336105e-08,6.210846008295861e-06
220.0,4.3072949831420495e-06,9.90623192325853e-07,5.020456408544011e-08,6.191817132656064e-06
221.0,4.302570587707137e-06,9.812759921859792e-07,4.9818292460741855e-08,6.173012649708229e-06
222.0,4.297972302463115e-06,9.720406751458436e-07,4.9455574769603256e-08,6.154420704170004e-06
223.0,4.293501780875456e-06,9.62937348377713e-07,4.9117589969151555e-08,6.136030202907482e-06
224.0,4.2891604716309004e-06,9.539836871849237e-07,4.880528406987435e-08,6.117830221668365e-06
225.0,4.284949353386516e-06,9.451934039682054e-07,4.8519315222473545e-08,6.099809784668389e-06
226.0,4.280869189664695e-06,9.365767628385014e-07,4.826019224693206e-08,6.081958433352488e-06
227.0,4.276920458776612e-06,9.281411856108398e-07,4.80283207973974e-08,6.064266411354453e-06
228.0,4.273103521607325e-06,9.198917093781502e-07,4.782403803653417e-08,6.046724972590601e-06
229.0,4.269418537606984e-06,9.118318649363154e-07,4.7647604657131155e-08,6.029326132069519e-06
230.0,4.265865558408942e-06,9.039637184398558e-07,4.7499201243340617e-08,6.012062734913018e-06
231.0,4.262444380850369e-06,8.962884855293013e-07,4.737891112782408e-08,5.994928452006043e-06
232.0,4.259154619440599e-06,8.888063907529613e-07,4.728670337154643e-08,5.977917325565765e-06
233.0,4.255995718760717e-06,8.815168181404428e-07,4.722242093025265e-08,5.9610240181939916e-06
234.0,4.252966988369481e-06,8.744185751944729e-07,4.718575145539566e-08,5.944243272313181e-06
235.0,4.250067583291457e-06,8.675095690485289e-07,4.717621113977511e-08,5.927569992544081e-06
236.0,4.247296581264487e-06,8.607873155425988e-07,4.71931227762593e-08,5.910999039353758e-06
237.0,4.244652977440431e-06,8.542486655233072e-07,4.723559442828929e-08,5.894525064719329e-06
238.0,4.242135671299709e-06,8.478901559476882e-07,4.730251628318577e-08,5.878142622259159e-06
239.0,4.239743474792741e-06,8.417077948531633e-07,4.739253821772443e-08,5.8618458679505005e-06
240.0,4.2374751191664925e-06,8.356972841712477e-07,4.750407239099353e-08,5.845628769856345e-06
241.0,4.23532921933463e-06,8.29853943577544e-07,4.7635293265260206e-08,5.8294849615226225e-06
242.0,4.233304256198708e-06,8.241726860977374e-07,4.778414922011015e-08,5.813407890641997e-06
243.0,4.231398533252293e-06,8.186480163821261e-07,4.794836989648844e-08,5.797390898159554e-06
244.0,4.229610178778868e-06,8.132740297602164e-07,4.812547784797835e-08,5.781427144303576e-06
245.0,4.227937108705037e-06,8.080445094937032e-07,4.8312818488001104e-08,5.765509981098655e-06
246.0,4.226377018371741e-06,8.029528498120778e-07,4.850756439346901e-08,5.7496327982087984e-06
247.0,4.224927361253402e-06,7.979922319802285e-07,4.8706740422589916e-08,5.733789377639999e-06
248.0,4.223585324717413e-06,7.931557228050743e-07,4.890720380357592e-08,5.717973605734648e-06
249.0,4.222347899882647e-06,7.884363632806105e-07,4.910566035804725e-08,5.702179758406061e-06
250.0,4.221211791251429e-06,7.838273313590111e-07,4.929863614404336e-08,5.686402371927539e-06
251.0,4.220173508344404e-06,7.793221125304405e-07,4.9482471537120526e-08,5.670636074595269e-06
252.0,4.219229376901461e-06,7.749146369580866e-07,4.9653275426981844e-08,5.654875351264017e-06
253.0,4.2183755565895036e-06,7.705994351044182e-07,4.980696587266169e-08,5.639114593961756e-06
254.0,4.217608100320104e-06,7.663717670959089e-07,4.993926940541477e-08,5.623347583610106e-06
255.0,4.216922994245596e-06,7.622276915754556e-07,5.0045819616886574e-08,5.607567627948539e-06
256.0,4.216316224061533e-06,7.581641434695569e-07,5.012227727120535e-08,5.591767377179674e-06
257.0,4.2157837306790345e-06,7.541788765989139e-07,5.016458327483932e-08,5.575939143131241e-06
258.0,4.215321456481561e-06,7.502703220802595e-07,5.016923006570201e-08,5.560075452347057e-06
259.0,4.214925359417543e-06,7.464375598454925e-07,5.0133585076792134e-08,5.544169357205657e-06
260.0,4.2145913641648104e-06,7.426800262554496e-07,5.005628866639025e-08,5.528215826462741e-06
261.0,4.214315241491849e-06,7.389972965636044e-07,4.993758013410742e-08,5.512212680530895e-06
262.0,4.2140926804997144e-06,7.353889128925561e-07,4.9779512299782784e-08,5.4961611730089375e-06
263.0,4.213919142426938e-06,7.318541229832645e-07,4.958610742987362e-08,5.4800673915497085e-06
264.0,4.213789908493128e-06,7.283918213152785e-07,4.9363290911087163e-08,5.463942152348829e-06
265.0,4.213700014334312e-06,7.250003826776276e-07,4.911869309147124e-08,5.447801460331379e-06
266.0,4.213644386584517e-06,7.21677775928561e-07,4.886127109726705e-08,5.4316653391949766e-06
267.0,4.2136178555455365e-06,7.184215550450183e-07,4.860092126322193e-08,5.415557685892031e-06
268.0,4.2136151649099e-06,7.15228988778325e-07,4.8347992639878945e-08,5.399504833393278e-06
269.0,4.213631217069778e-06,7.120972315042127e-07,4.811282317280635e-08,5.383534071250865e-06
270.0,4.213661033475561e-06,7.090234200991628e-07,4.7905395969775944e-08,5.367673076430213e-06
271.0,4.213699889785085e-06,7.060048506822579e-07,4.773502270299047e-08,5.351948440795047e-06
272.0,4.213743345568521e-06,7.03039026794112e-07,4.761014819751941e-08,5.336385258015725e-06
273.0,4.213787347855139e-06,7.001237820866266e-07,4.753819855427102e-08,5.321006143208415e-06
274.0,4.213828186637534e-06,6.972572657461004e-07,4.752553745362155e-08,5.3058314329943826e-06
275.0,4.21386251856526e-06,6.944379375579401e-07,4.757741812805115e-08,5.290878625834298e-06
276.0,4.213887396797823e-06,6.916645768556441e-07,4.769794217341372e-08,5.276162404324994e-06
277.0,4.213900185636199e-06,6.889361466942568e-07,4.789006012294917e-08,5.261694790931427e-06
278.0,4.2138985711081776e-06,6.862518073914815e-07,4.81554650841486e-08,5.247484794349793e-06
279.0,4.2138805155830985e-06,6.836107306048161e-07,4.849457953629567e-08,5.233538551205664e-06
280.0,4.213844167420023e-06,6.81012092978738e-07,4.89063749579282e-08,5.219859084890368e-06
281.0,4.213787914922764e-06,6.7845494400899e-07,4.9388291443049975e-08,5.206446135595915e-06
282.0,4.213710236985436e-06,6.759381133660221e-07,4.9936095587458885e-08,5.1932958261282965e-06
283.0,4.213609753319722e-06,6.734602252243201e-07,5.054377257029753e-08,5.180400339540945e-06
284.0,4.21348513453285e-06,6.710195938543772e-07,5.120350105005392e-08,5.16774782609287e-06
285.0,4.213335158595613e-06,6.686143251716965e-07,5.190572758652572e-08,5.155322153768148e-06
286.0,4.213158640578195e-06,6.662423255710547e-07,5.263945189553601e-08,5.1431031916631414e-06
287.0,4.212954546847386e-06,6.6390147296673e-07,5.339264040076123e-08,5.131067290138509e-06
288.0,4.212721974297246e-06,6.615897995339308e-07,5.415301178285378e-08,5.1191885470367275e-06
289.0,4.212460244305293e-06,6.593056952428005e-07,5.4908923269872516e-08,5.107440164753223e-06
290.0,4.212168977912853e-06,6.570481997723969e-07,5.565044989947584e-08,5.0957965882991275e-06
291.0,4.211848138515767e-06,6.548171811639202e-07,5.637043385966895e-08,5.084235799942877e-06
292.0,4.211498132674404e-06,6.526135087032904e-07,5.706526039345998e-08,5.072741140999983e-06
293.0,4.211119734759916e-06,6.504390401068093e-07,5.773525906523603e-08,5.061302974560589e-06
294.0,4.210714162321556e-06,6.48296481024159e-07,5.838437624984939e-08,5.0499187808694375e-06
295.0,4.210282900052498e-06,6.46189093664024e-07,5.9019339201044567e-08,5.038592535836736e-06
296.0,4.2098276685228615e-06,6.44120267746491e-07,5.964830858330854e-08,5.027332566250049e-06
297.0,4.209350307042279e-06,6.42093131861408e-07,6.027930076246058e-08,5.01614909155239e-06
298.0,4.2088527135853645e-06,6.4011018211708e-07,6.091882177906392e-08,5.005051567126221e-06
299.0,4.208336809315633e-06,6.38173068553491e-07,6.157084599696345e-08,4.994046541048117e-06
300.0,4.2078045447505975e-06,6.362825280828471e-07,6.223646916838296e-08,4.983136565499074e-06
301.0,4.207257969973849e-06,6.344384467090208e-07,6.291397394928212e-08,4.972319888074349e-06
302.0,4.2066992294784385e-06,6.326400335177157e-07,6.359942656889436e-08,4.961591176807085e-06
303.0,4.206130584280147e-06,6.308859925226142e-07,6.428742878063373e-08,4.950942520500099e-06
304.0,4.205554443508412e-06,6.291747471714639e-07,6.497189250335677e-08,4.940364704989649e-06
305.0,4.204973276282353e-06,6.275045855606048e-07,6.564673747388196e-08,4.929848444770923e-06
306.0,4.2043896165264026e-06,6.258738091491027e-07,6.630633588315138e-08,4.919385112608497e-06
307.0,4.203805942294092e-06,6.242808125132748e-07,6.69458714367487e-08,4.9089675482627966e-06
308.0,4.203224678463138e-06,6.227241399380132e-07,6.756133752093335e-08,4.8985899906058635e-06
309.0,4.2026480822480036e-06,6.212025403492763e-07,6.814961938838356e-08,4.88824844623046e-06
310.0,4.2020782218052095e-06,6.197149577218079e-07,6.870832479083936e-08,4.877940281248579e-06
311.0,4.201516962406819e-06,6.182605579709804e-07,6.923562352501878e-08,4.867664044211671e-06
312.0,4.200965900170661e-06,6.16838718224902e-07,6.973009035749523e-08,4.857419188279474e-06
313.0,4.20042638843185e-06,6.154490362118325e-07,7.01905350850317e-08,4.847205762119597e-06
314.0,4.199899479600457e-06,6.140913104892137e-07,7.061586610624351e-08,4.83702416597356e-06
315.0,4.199386012314276e-06,6.127655484797599e-07,7.100492192058558e-08,4.826874791304487e-06
316.0,4.198886507440205e-06,6.114719581103156e-07,7.135639277904951e-08,4.816757992119466e-06
317.0,4.198401252823804e-06,6.102109234305962e-07,7.166876050917668e-08,4.806673813809721e-06
318.0,4.197930284293186e-06,6.089830111898342e-07,7.194017754132098e-08,4.796621846957527e-06
319.0,4.197473387883812e-06,6.077889442343498e-07,7.216845711530856e-08,4.786601172599617e-06
320.0,4.197030134913137e-06,6.066296017807087e-07,7.235107016974228e-08,4.776610320751349e-06
321.0,4.196599863635775e-06,6.055059790743878e-07,7.24851214378309e-08,4.7666472274999025e-06
322.0,4.196181751178661e-06,6.044191827335847e-07,7.256738344284497e-08,4.756709208779475e-06
323.0,4.195774749624083e-06,6.033704144549223e-07,7.259437771547168e-08,4.746793202546437e-06
324.0,4.195377684621094e-06,6.023609156649123e-07,7.256241604372438e-08,4.736895608853695e-06
325.0,4.194989240108323e-06,6.013919804074275e-07,7.246774041703656e-08,4.72701263418087e-06
326.0,4.194607962490208e-06,6.004649052503643e-07,7.230659960931412e-08,4.717140356442145e-06
327.0,4.194232323489287e-06,5.995809807443603e-07,7.20754444204773e-08,4.707274986642076e-06
328.0,4.193860694154915e-06,5.987414672136959e-07,7.177101788009598e-08,4.6974130048469045e-06
329.0,4.1934914263515e-06,5.979475714603909e-07,7.139050296031867e-08,4.6875513911157184e-06
330.0,4.1931227812464375e-06,5.972004508995274e-07,7.093173355341923e-08,4.677688018613916e-06
331.0,4.192753049585755e-06,5.965011459809734e-07,7.039317060374928e-08,4.667821419652499e-06
332.0,4.192380485506798e-06,5.958506128185938e-07,6.977408152665879e-08,4.657951331559832e-06
333.0,4.192003329254127e-06,5.952496472049158e-07,6.907453068243951e-08,4.648078514712831e-06
334.0,4.1916198539604165e-06,5.946988549267236e-07,6.829541040047793e-08,4.63820482212607e-06
335.0,4.191228325025453e-06,5.941986212033328e-07,6.743840742062389e-08,4.628333238901839e-06
336.0,4.190827017763692e-06,5.937489848274976e-07,6.650592726344314e-08,4.618467694544048e-06
337.0,4.1904141963552464e-06,5.933496478397365e-07,6.550108648218033e-08,4.6086131181436125e-06
338.0,4.189988157756309e-06,5.929997844809007e-07,6.442755624700707e-08,4.598775072638086e-06
339.0,4.189547184091717e-06,5.926979786350791e-07,6.328956617970676e-08,4.588959914076757e-06
340.0,4.189089568037832e-06,5.92442113191277e-07,6.209181426897933e-08,4.579174530962226e-06
341.0,4.188613616839942e-06,5.922291767467738e-07,6.083944086721651e-08,4.5694262803885275e-06
342.0,4.188117678578305e-06,5.92055170377354e-07,5.9538063581674985e-08,4.559723099515057e-06
343.0,4.187600127052864e-06,5.91914931096664e-07,5.8193731707480817e-08,4.550073338276973e-06
344.0,4.187059405998939e-06,5.918020342146216e-07,5.681305648928938e-08,4.540485991650965e-06
345.0,4.186494062062311e-06,5.917085937015402e-07,5.540320501004625e-08,4.530970627628043e-06
346.0,4.185902761678633e-06,5.916252633641352e-07,5.3972028391151633e-08,4.521537620890006e-06
347.0,4.185284327491802e-06,5.915411623393405e-07,5.25280803244802e-08,4.512198131745193e-06
348.0,4.184637780906184e-06,5.914438615441682e-07,5.108066617253483e-08,4.502964157127932e-06
349.0,4.18396237746996e-06,5.913195609425415e-07,4.9639873785624034e-08,4.493848685793106e-06
350.0,4.183257632324227e-06,5.911532240438647e-07,4.82164880352941e-08,4.484865463409829e-06
351.0,4.182523338546019e-06,5.90928928790192e-07,4.68219257476377e-08,4.47602902522577e-06
352.0,4.181759617780553e-06,5.906301865650714e-07,4.546802436517025e-08,4.467354337310222e-06
353.0,4.180966911506909e-06,5.902404935250103e-07,4.41668248234703e-08,4.458856560316789e-06
354.0,4.180145969531631e-06,5.897438152469533e-07,4.293023611998017e-08,4.450550578651867e-06
355.0,4.179297848000686e-06,5.891251460174706e-07,4.176966861513705e-08,4.442450462236924e-06
356.0,4.178423894337505e-06,5.88371115715496e-07,4.069564177780804e-08,4.434568973952299e-06
357.0,4.177525680774205e-06,5.874704501296346e-07,3.9717369812626786e-08,4.426916911610958e-06
358.0,4.1766049554476775e-06,5.864144344025224e-07,3.884238219289474e-08,4.419502604817008e-06
359.0,4.175663604633005e-06,5.851971999441651e-07,3.807620646933096e-08,4.412331410096367e-06
360.0,4.174703563925476e-06,5.838159645193992e-07,3.7422142654106074e-08,4.40540539819835e-06
361.0,4.17372674744666e-06,5.822710350493902e-07,3.688113598023801e-08,4.398723129803475e-06
362.0,4.172734996906065e-06,5.805657407588109e-07,3.6451784363237326e-08,4.39227964800267e-06
363.0,4.171730015415402e-06,5.787062676794234e-07,3.613045409690758e-08,4.386066671577023e-06
364.0,4.170713320278726e-06,5.767013454149009e-07,3.5911503936721906e-08,4.3800728699910645e-06
365.0,4.169686186037538e-06,5.745618984572906e-07,3.578759063249321e-08,4.374284355491204e-06
366.0,4.1686496435143844e-06,5.723006487538914e-07,3.575002633203416e-08,4.368685189322973e-06
367.0,4.167604454969239e-06,5.699317579028204e-07,3.5789164981872377e-08,4.363257998224343e-06
368.0,4.166551094756582e-06,5.674703544310947e-07,3.5894789062934224e-08,4.35798454805211e-06
369.0,4.165489768947562e-06,5.649321959207283e-07,3.6056460583191194e-08,4.3528462767391885e-06
370.0,4.164420434965992e-06,5.623333242986106e-07,3.626385380823914e-08,4.347824867456441e-06
371.0,4.163342799533876e-06,5.596897565911552e-07,3.65070000174672e-08,4.342902565325825e-06
372.0,4.162256339700746e-06,5.570171843280095e-07,3.6776526282337343e-08,4.338062618690414e-06
373.0,4.16116035306383e-06,5.54330796757094e-07,3.706378567724693e-08,4.3332894666486885e-06
374.0,4.160053961097211e-06,5.516450643094566e-07,3.736097313671503e-08,4.3285689367529466e-06
375.0,4.158936124965221e-06,5.489735817934569e-07,3.766118614517327e-08,4.323888364353655e-06
376.0,4.157805692985779e-06,5.463289377115934e-07,3.79584318004661e-08,4.319236597532513e-06
377.0,4.15666140505578e-06,5.437226610417098e-07,3.824763453541711e-08,4.314604063341929e-06
378.0,4.155501928507537e-06,5.411651144982782e-07,3.852456794428918e-08,4.3099826074947294e-06
379.0,4.154325851278873e-06,5.386654626744007e-07,3.8785842376496235e-08,4.305365564211179e-06
380.0,4.153131732829049e-06,5.362316526432582e-07,3.9028799730307007e-08,4.300747538493815e-06
381.0,4.151918109597918e-06,5.338704407551793e-07,3.925145880219183e-08,4.29612437002188e-06
382.0,4.150683484343906e-06,5.315873389120653e-07,3.945244594895628e-08,4.291493005098657e-06
383.0,4.149426390905451e-06,5.293867409723334e-07,3.9630882538631455e-08,4.28685134966774e-06
384.0,4.1481453661980615e-06,5.2727186887758e-07,3.978635604574034e-08,4.282198202759498e-06
385.0,4.146838989128495e-06,5.252449199334945e-07,3.991879262609505e-08,4.2775330682370695e-06
386.0,4.145505874692001e-06,5.233070729347817e-07,4.0028429171938464e-08,4.272856107812307e-06
387.0,4.144144706335796e-06,5.214585982844275e-07,4.0115721986353794e-08,4.26816798646806e-06
388.0,4.142754228792036e-06,5.196989422864929e-07,4.018129348442427e-08,4.2634697988149014e-06
389.0,4.141333257314508e-06,5.180267847992453e-07,4.022589387105572e-08,4.2587629760124905e-06
390.0,4.139880711084855e-06,5.164401714105685e-07,4.0250323942359657e-08,4.25404916794405e-06
391.0,4.1383955903494175e-06,5.14936568769957e-07,4.025543338986803e-08,4.2493302335213395e-06
392.0,4.136877003875392e-06,5.13512973847002e-07,4.024205058788585e-08,4.2446080919280514e-06
393.0,4.135324154118883e-06,5.121659864290164e-07,4.021099846803585e-08,4.2398847736924515e-06
394.0,4.133736364239732e-06,5.108919000763913e-07,4.0163038696002876e-08,4.235162279999688e-06
395.0,4.132113049617443e-06,5.096867786652861e-07,4.009888622237179e-08,4.2304426309220505e-06
396.0,4.13045373349948e-06,5.08546511038802e-07,4.001920244906837e-08,4.225727828389664e-06
397.0,4.128758052956983e-06,5.07466888902938e-07,3.992458155630823e-08,4.221019820002396e-06
398.0,4.127025735731202e-06,5.064436579744616e-07,3.9815584172447025e-08,4.216320587211346e-06
399.0,4.125256605873752e-06,5.05472559764897e-07,3.9692716273029694e-08,4.211632054643463e-06
400.0,4.123450567131011e-06,5.045493802867256e-07,3.955647801954648e-08,4.206956222072181e-06
401.0,4.121607621200117e-06,5.036699876038091e-07,3.9407350407206466e-08,4.202295113721095e-06
402.0,4.119727830622157e-06,5.028303579120151e-07,3.924582525676916e-08,4.197650839489819e-06
403.0,4.117811326463059e-06,5.02026602881826e-07,3.907242838403701e-08,4.1930256486526366e-06
404.0,4.115858315690106e-06,5.012549922531251e-07,3.8887706703505494e-08,4.1884218840130974e-06
405.0,4.113869049338204e-06,5.005119741562408e-07,3.869227616608938e-08,4.183842103114916e-06
406.0,4.111843845541939e-06,4.997941876424951e-07,3.8486793457461514e-08,4.179288993939747e-06
407.0,4.109783061354725e-06,4.990984759162967e-07,3.8271986625054916e-08,4.174765454658063e-06
408.0,4.1076871251794205e-06,4.984218963573589e-07,3.804863415122054e-08,4.170274529532764e-06
409.0,4.105556498898781e-06,4.977617312908329e-07,3.781757451460774e-08,4.165819438649025e-06
410.0,4.103391694499939e-06,4.971154901926898e-07,3.7579697206859404e-08,4.161403552927626e-06
411.0,4.101193299080262e-06,4.964809129330039e-07,3.7335916386124056e-08,4.157030316937754e-06
412.0,4.0989619294339e-06,4.958559752447311e-07,3.708718312109146e-08,4.15270328409634e-06
413.0,4.096698288075202e-06,4.952388833537421e-07,3.683444627606867e-08,4.148426012406184e-06
414.0,4.09440311337481e-06,4.946280729256059e-07,3.657865729418936e-08,4.144202071286838e-06
415.0,4.092077226383772e-06,4.940222019196008e-07,3.6320745576339944e-08,4.1400349666471715e-06
416.0,4.089721505356147e-06,4.934201460287734e-07,3.606160805186884e-08,4.13592812036273e-06
417.0,4.0873368895540156e-06,4.928209871217211e-07,3.5802103692716926e-08,4.131884837256816e-06
418.0,4.084924400005469e-06,4.922239974763971e-07,3.554303120881234e-08,4.127908242554452e-06
419.0,4.082485105392498e-06,4.916286358990732e-07,3.52851408769568e-08,4.124001302478854e-06
420.0,4.080020156885054e-06,4.910345249947532e-07,3.502911170703755e-08,4.12016675626716e-06
421.0,4.0775307489900465e-06,4.904414385830279e-07,3.4775561720392637e-08,4.1164071307947095e-06
422.0,4.075018141467032e-06,4.898492840796956e-07,3.4525041279769374e-08,4.112724709087661e-06
423.0,4.072483652785692e-06,4.892580875944216e-07,3.427803892276162e-08,4.109121545512241e-06
424.0,4.069928628343254e-06,4.886679746552948e-07,3.403498016181156e-08,4.105599443446368e-06
425.0,4.067354478273667e-06,4.880791523870675e-07,3.379622980905252e-08,4.102159955274779e-06
426.0,4.0647626242117595e-06,4.874918974851162e-07,3.356210653488073e-08,4.0988044165542115e-06
427.0,4.06215453389913e-06,4.869065357424335e-07,3.3332872874865044e-08,4.095533903760909e-06
428.0,4.05953168375954e-06,4.863234309597174e-07,3.3108752331959964e-08,4.092349282665932e-06
429.0,4.056895569426836e-06,4.857429679659187e-07,3.288992765028073e-08,4.089251187766458e-06
430.0,4.054247696932609e-06,4.851655440115015e-07,3.267654617947026e-08,4.086240043720687e-06
431.0,4.051589558516617e-06,4.845915565417265e-07,3.246872757174839e-08,4.083316078080169e-06
432.0,4.048922661571158e-06,4.840213915009199e-07,3.226655983060542e-08,4.080479307105546e-06
433.0,4.046248496310309e-06,4.834554213465488e-07,3.207011277058037e-08,4.077729574472183e-06
434.0,4.0435685316538146e-06,4.828939921361318e-07,3.1879428180975075e-08,4.075066528904272e-06
435.0,4.040884229311076e-06,4.823374255330627e-07,3.169453229248242e-08,4.072489653816037e-06
436.0,4.038197025590278e-06,4.817860091370999e-07,3.151543057585251e-08,4.069998258779397e-06
437.0,4.035508347403937e-06,4.812399983419967e-07,3.1342111406942463e-08,4.06759149594549e-06
438.0,4.032819555512345e-06,4.806996127307825e-07,3.1174545140669816e-08,4.065268369828147e-06
439.0,4.030132028041988e-06,4.80165037247795e-07,3.101268381202649e-08,4.063027729723986e-06
440.0,4.027447093920418e-06,4.796364240484596e-07,3.0856466940533445e-08,4.060868301389688e-06
441.0,4.02476604860938e-06,4.791138903006902e-07,3.070580965313545e-08,4.0587886620678776e-06
442.0,4.0220901722375855e-06,4.785975247489133e-07,3.056061725172535e-08,4.0567872892345136e-06
443.0,4.0194207025758375e-06,4.780873846570674e-07,3.04207727915385e-08,4.054862531128427e-06
444.0,4.016758851813046e-06,4.775835046378925e-07,3.028614658777834e-08,4.0530126513723856e-06
445.0,4.014105794055552e-06,4.770858922368708e-07,3.0156589093725415e-08,4.0512358084972945e-06
446.0,4.01146270048216e-06,4.7659453983001204e-07,3.00319373564364e-08,4.049530084151229e-06
447.0,4.008830677710763e-06,4.761094180771785e-07,2.9912012894039564e-08,4.047893492422571e-06
448.0,4.006210817559609e-06,4.756304844047971e-07,2.979662036508993e-08,4.0463239810426364e-06
449.0,4.0036041857920905e-06,4.7515768586149227e-07,2.9685555375237977e-08,4.0448194541015095e-06
450.0,4.001011817546735e-06,4.7469095742193565e-07,2.9578596953339457e-08,4.043377761647491e-06
451.0,3.998434712139285e-06,4.742302304241978e-07,2.947551729137614e-08,4.041996743468308e-06
452.0,3.995873831545072e-06,4.737754264790881e-07,2.937607454131268e-08,4.040674201120683e-06
453.0,3.993330129133414e-06,4.7332646634811986e-07,2.9280020923322976e-08,4.039407926377846e-06
454.0,3.990804502213505e-06,4.7288326928845165e-07,2.9187102044568625e-08,4.038195714905824e-06
455.0,3.988297836621219e-06,4.724457509033807e-07,2.90970548914966e-08,4.037035351636506e-06
456.0,3.985810967251081e-06,4.720138285312305e-07,2.9009615482305847e-08,4.0359246437168435e-06
457.0,3.983344713018179e-06,4.7158741843775743e-07,2.8924514273610806e-08,4.0348614017026115e-06
458.0,3.980899845031473e-06,4.711664398452134e-07,2.8841482334687286e-08,4.033843474502656e-06
459.0,3.978477104641948e-06,4.707508104258382e-07,2.8760248796017285e-08,4.03286872412841e-06
460.0,3.976077210551108e-06,4.7034045063551506e-07,2.8680546065912482e-08,4.031935050471357e-06
461.0,3.973700822618652e-06,4.699352821088535e-07,2.8602110104131943e-08,4.031040397803205e-06
462.0,3.9713485874243836e-06,4.6953522579696234e-07,2.8524679525723095e-08,4.030182742020993e-06
463.0,3.9690210981809945e-06,4.6914020513432755e-07,2.844800272943631e-08,4.029360118030265e-06
464.0,3.966718926167741e-06,4.6875014221010954e-07,2.8371834825380698e-08,4.028570597667285e-06
465.0,3.964442593467991e-06,4.683649614340067e-07,2.8295943141325914e-08,4.02781232370876e-06
466.0,3.962192581172314e-06,4.6798458470916864e-07,2.8220106426733324e-08,4.027083489647105e-06
467.0,3.959969354224211e-06,4.676089353074258e-07,2.8144120350238246e-08,4.026382347490085e-06
468.0,3.957773308264258e-06,4.6723793622972595e-07,2.8067798359168068e-08,4.025707232250664e-06
469.0,3.955604821630186e-06,4.668715091040121e-07,2.7990972325213314e-08,4.0250565343608215e-06
470.0,3.9534642195715035e-06,4.6650957659481683e-07,2.791349881333583e-08,4.024428729852349e-06
471.0,3.951351800229223e-06,4.6615206007636996e-07,2.7835258386735087e-08,4.023822357890449e-06
472.0,3.94926780366445e-06,4.6579888312069095e-07,2.775615937206579e-08,4.023236056779213e-06
473.0,3.9472124385023995e-06,4.6544996775494746e-07,2.7676138841508903e-08,4.0226685308012496e-06
474.0,3.945185875443544e-06,4.6510523840997734e-07,2.759516572847619e-08,4.022118570482163e-06
475.0,3.943188238893006e-06,4.647646218744083e-07,2.7513242108731463e-08,4.021585052463894e-06
476.0,3.941219608107625e-06,4.644280458659197e-07,2.7430401275032396e-08,4.02106693613271e-06
477.0,3.9392800192048864e-06,4.6409544201749024e-07,2.7346711599112386e-08,4.020563263929228e-06
478.0,3.937369481606869e-06,4.637667449855799e-07,2.7262274190264744e-08,4.02007314578964e-06
479.0,3.935487949603873e-06,4.6344189458816667e-07,2.7177222230437524e-08,4.019595780786753e-06
480.0,3.933635340602284e-06,4.6312083433268647e-07,2.709171791628304e-08,4.019130427321513e-06
481.0,3.931811542060086e-06,4.6280351302948604e-07,2.7005951319972127e-08,4.0186764058084e-06
482.0,3.9300163889024e-06,4.624898862189354e-07,2.6920136597747027e-08,4.018233103309734e-06
483.0,3.928249693020016e-06,4.621799144199997e-07,2.6834506381284344e-08,4.017799941006122e-06
484.0,3.926511221751384e-06,4.618735640252291e-07,2.674930911782781e-08,4.017376391116707e-06
485.0,3.924800722962413e-06,4.6157080808431725e-07,2.666480306743427e-08,4.01696194075847e-06
486.0,3.923117902370418e-06,4.612716260088701e-07,2.6581250693349323e-08,4.016556112345931e-06
487.0,3.921462438597045e-06,4.609760021804912e-07,2.6498912593421512e-08,4.016158431548844e-06
488.0,3.9198339988792965e-06,4.6068392680358097e-07,2.6418043658222553e-08,4.0157684207475e-06
489.0,3.918232209995802e-06,4.6039539558881733e-07,2.6338886017254956e-08,4.015385605542588e-06
490.0,3.9166566873146035e-06,4.60110407989293e-07,2.6261664284473106e-08,4.015009492807022e-06
491.0,3.9151070301762e-06,4.598289679623448e-07,2.6186582161313806e-08,4.01463956982893e-06
492.0,3.913582824907512e-06,4.5955108217498707e-07,2.61138174941382e-08,4.014275294885728e-06
493.0,3.912083640720923e-06,4.592767603909577e-07,2.6043519662680842e-08,4.013916107746872e-06
494.0,3.910609039271576e-06,4.5900601362580443e-07,2.5975807097203918e-08,4.013561413591811e-06
495.0,3.9091585822214225e-06,4.587388540658686e-07,2.591076637245892e-08,4.013210586438679e-06
496.0,3.907731823905572e-06,4.5847529463441316e-07,2.5848451290015216e-08,4.0128629744872395e-06
497.0,3.906328314037215e-06,4.582153473338752e-07,2.578888324436732e-08,4.012517903653768e-06
498.0,3.904947608784201e-06,4.5795902374854176e-07,2.5732052890227388e-08,4.0121746787193175e-06
499.0,3.903589270331542e-06,4.577063330282924e-07,2.5677921442910916e-08,4.0118325852520925e-06
500.0,3.902252854754367e-06,4.5745728299189364e-07,2.5626423359873882e-08,4.011490913718759e-06
501.0,3.900937932186197e-06,4.572118787032645e-07,2.557746957259939e-08,4.01114894361222e-06
502.0,3.899644086523123e-06,4.569701217665076e-07,2.5530950825826646e-08,4.010805962570076e-06
503.0,3.898370898501662e-06,4.5673201098767395e-07,2.548674088618256e-08,4.010461282600015e-06
504.0,3.897117969772196e-06,4.564975410476081e-07,2.5444700898066375e-08,4.01011423008241e-06
505.0,3.895884901777214e-06,4.5626670293047696e-07,2.5404682699072603e-08,4.009764172648028e-06
506.0,3.894671318995893e-06,4.5603948323556614e-07,2.536653287695801e-08,4.009410508165224e-06
507.0,3.893476858379505e-06,4.5581586561535604e-07,2.5330095853213336e-08,4.009052678143358e-06
508.0,3.892301153895873e-06,4.555958276648674e-07,2.5295217167098162e-08,4.0086901853205365e-06
509.0,3.891143872027902e-06,4.5537934382522417e-07,2.5261746511635505e-08,4.008322575202269e-06
510.0,3.890004671264263e-06,4.551663839651182e-07,2.522953975834649e-08,4.007949466488991e-06
511.0,3.888883230592443e-06,4.5495691358328475e-07,2.5198461467106427e-08,4.007570531774638e-06
512.0,3.887779248802142e-06,4.5475089488075177e-07,2.5168385949061382e-08,4.007185499325737e-06
513.0,3.886692422610159e-06,4.5454828530232403e-07,2.513919931610442e-08,4.006794177039725e-06
514.0,3.88562245847481e-06,4.5434903830258266e-07,2.511079882042934e-08,4.006396426473459e-06
515.0,3.8845690903516995e-06,4.541531043401142e-07,2.50830946940143e-08,4.00599216693097e-06
516.0,3.88353203571056e-06,4.5396043086022866e-07,2.50560094303003e-08,4.0055813921320275e-06
517.0,3.882511033845731e-06,4.537709608755201e-07,2.502947761242728e-08,4.005164143043007e-06
518.0,3.881505832406727e-06,4.5358463522625366e-07,2.5003445442545984e-08,4.004740512201443e-06
519.0,3.880516184442371e-06,4.5340139331536915e-07,2.497787010630998e-08,4.004310643553445e-06
520.0,3.879541840616011e-06,4.532211706208984e-07,2.4952719096576055e-08,4.003874735606936e-06
521.0,3.87858255968389e-06,4.530439017531653e-07,2.492796853149505e-08,4.003433018289169e-06
522.0,3.877638117830995e-06,4.528695192373162e-07,2.4903603022041275e-08,4.002985754835244e-06
523.0,3.876708276524293e-06,4.526979558161458e-07,2.487961406258316e-08,4.002533250546585e-06
524.0,3.875792803816983e-06,4.525291417484396e-07,2.4855999106322716e-08,4.0020758358354895e-06
525.0,3.87489148117764e-06,4.523630075193642e-07,2.4832760360802268e-08,4.001613854344252e-06
526.0,3.8740040801348655e-06,4.5219948467032167e-07,2.4809904091317167e-08,4.0011476781705036e-06
527.0,3.873130378096592e-06,4.520385037951791e-07,2.4787439794101077e-08,4.000677692035235e-06
528.0,3.8722701490122746e-06,4.518799964468271e-07,2.4765378772733125e-08,4.0002042892401695e-06
529.0,3.8714231830510065e-06,4.5172389521608193e-07,2.4743734199076504e-08,3.999727864957717e-06
530.0,3.870589252694744e-06,4.51570135022001e-07,2.4722519934350167e-08,3.999248828689432e-06
531.0,3.869768137632937e-06,4.5141865049586476e-07,2.4701750323451715e-08,3.998767587976916e-06
532.0,3.868959620598382e-06,4.51269378817394e-07,2.4681439393590398e-08,3.998284544279986e-06
533.0,3.8681634905831085e-06,4.5112226046245995e-07,2.4661600846599823e-08,3.997800092787609e-06
534.0,3.867379523671696e-06,4.5097723614032235e-07,2.4642247703752036e-08,3.9973146356281966e-06
535.0,3.866607503613919e-06,4.5083424930732523e-07,2.4623391736673137e-08,3.996828557941774e-06
536.0,3.865847225295775e-06,4.506932460407014e-07,2.4605043865809135e-08,3.996342232975256e-06
537.0,3.865098474878958e-06,4.5055417554377945e-07,2.4587213610441e-08,3.995856028437809e-06
538.0,3.864361037263634e-06,4.5041698731425357e-07,2.4569909332558e-08,3.995370307159926e-06
539.0,3.863634713448845e-06,4.502816347098099e-07,2.4553137878260847e-08,3.994885404025105e-06
540.0,3.862919298881116e-06,4.5014807416233613e-07,2.4536904832059707e-08,3.9944016497082176e-06
541.0,3.862214594245956e-06,4.500162623634104e-07,2.4521214673652017e-08,3.993919362960169e-06
542.0,3.861520397980048e-06,4.4988615888102565e-07,2.4506070195960222e-08,3.993438847022651e-06
543.0,3.860836528845899e-06,4.4975772565265787e-07,2.449147332695047e-08,3.992960381189207e-06
544.0,3.860162794924608e-06,4.4963092677339075e-07,2.4477424661094916e-08,3.992484242673125e-06
545.0,3.859499012888375e-06,4.4950572698039025e-07,2.4463923776999454e-08,3.9920106889249285e-06
546.0,3.8588450101208485e-06,4.493820932200954e-07,2.4450969089408723e-08,3.991539956562914e-06
547.0,3.858200618348634e-06,4.492599946989138e-07,2.4438558053675888e-08,3.991072267678813e-06
548.0,3.8575656693755e-06,4.491394003715519e-07,2.4426687351537626e-08,3.990607836538033e-06
549.0,3.856940004976671e-06,4.490202810754329e-07,2.4415352561586997e-08,3.99014685305819e-06
550.0,3.856323472823843e-06,4.489026089307741e-07,2.4404548581472505e-08,3.989689495321827e-06
551.0,3.855715931947954e-06,4.487863575583776e-07,2.4394269600150146e-08,3.98923591907063e-06
552.0,3.855117234728748e-06,4.486714995392092e-07,2.4384509001065377e-08,3.988786278342644e-06
553.0,3.854527253466889e-06,4.4855800976403914e-07,2.437525955556706e-08,3.988340696848823e-06
554.0,3.853945863447132e-06,4.4844586394650643e-07,2.436651342949785e-08,3.987899286261992e-06
555.0,3.853372942796011e-06,4.483350375426436e-07,2.435826229237465e-08,3.987462149116243e-06
556.0,3.852808373945926e-06,4.4822550611042354e-07,2.4350497094794808e-08,3.987029370636435e-06
557.0,3.852252054285889e-06,4.481172472481085e-07,2.4343208486368358e-08,3.986601016497306e-06
558.0,3.8517038856841505e-06,4.480102384876941e-07,2.4336386656195992e-08,3.986177136848598e-06
559.0,3.851163764023507e-06,4.479044569661116e-07,2.4330021301963725e-08,3.985757781262279e-06
560.0,3.850631604419635e-06,4.477998809723931e-07,2.4324101876422687e-08,3.985342972794149e-06
561.0,3.850107321264164e-06,4.476964901194094e-07,2.4318617477664386e-08,3.984932724060112e-06
562.0,3.849590836152117e-06,4.47594263391372e-07,2.43135570261753e-08,3.984527039338322e-06
563.0,3.849082070950217e-06,4.4749318009996756e-07,2.4308909080197943e-08,3.984125908315752e-06
564.0,3.848580959190534e-06,4.47393221377666e-07,2.430466218520895e-08,3.983729306479947e-06
565.0,3.848087437100195e-06,4.472943686098775e-07,2.4300804791129005e-08,3.983337199426652e-06
566.0,3.8476014343593556e-06,4.471966029413924e-07,2.429732516966976e-08,3.9829495525600664e-06
567.0,3.847122897316203e-06,4.4709990704733925e-07,2.4294211735331387e-08,3.982566308759462e-06
568.0,3.846651773249537e-06,4.470042646480095e-07,2.4291452932275925e-08,3.98218740392433e-06
569.0,3.84618800390981e-06,4.4690966001561755e-07,2.4289037344114062e-08,3.981812778672824e-06
570.0,3.845731541721853e-06,4.468160771823058e-07,2.428695366872716e-08,3.981442350309575e-06
571.0,3.8452823399076795e-06,4.467235025972085e-07,2.4285190907062235e-08,3.9810760371719054e-06
572.0,3.844840358366226e-06,4.4663192314217576e-07,2.4283738384530568e-08,3.9807137452403355e-06
573.0,3.84440554192535e-06,4.465413260786459e-07,2.4282585624975266e-08,3.980355391544098e-06
574.0,3.8439778540401785e-06,4.4645169987010364e-07,2.4281722642000032e-08,3.980000873064817e-06
575.0,3.843557255296095e-06,4.4636303434949456e-07,2.4281139843883155e-08,3.9796500839352985e-06
576.0,3.84314370236139e-06,4.462753200134469e-07,2.428082808860556e-08,3.9793029243478554e-06
577.0,3.842737154514573e-06,4.461885474707646e-07,2.4280778660173234e-08,3.9789592853870694e-06
578.0,3.842337576293596e-06,4.461027095567627e-07,2.4280983392764018e-08,3.9786190539691614e-06
579.0,3.8419449316816574e-06,4.4601779937575475e-07,2.4281434647893358e-08,3.978282115979056e-06
580.0,3.8415591725151285e-06,4.459338105333914e-07,2.428212516253428e-08,3.97794836835107e-06
581.0,3.8411802651403886e-06,4.4585073763773604e-07,2.428304831594022e-08,3.977617693551447e-06
582.0,3.840808174187969e-06,4.4576857650024524e-07,2.4284197895248886e-08,3.977289974470266e-06
583.0,3.84044285400911e-06,4.456873232153364e-07,2.4285568220813378e-08,3.976965106223562e-06
584.0,3.840084268056304e-06,4.4560697409589134e-07,2.428715397039141e-08,3.976642972385535e-06
585.0,3.839732377062983e-06,4.4552752700457596e-07,2.4288950296143762e-08,3.976323461343036e-06
586.0,3.839387140807605e-06,4.4544897959328735e-07,2.4290952744454233e-08,3.976006463735251e-06
587.0,3.839048513069965e-06,4.4537132996398377e-07,2.4293157066360232e-08,3.975691875623747e-06
588.0,3.83871645619405e-06,4.452945767333904e-07,2.4295559416923235e-08,3.975379586833666e-06
589.0,3.838390927678772e-06,4.4521871913623495e-07,2.4298156114304536e-08,3.975069491855623e-06
590.0,3.838071879770799e-06,4.4514375644240784e-07,2.4300943660406527e-08,3.974761493663735e-06
591.0,3.837759271150228e-06,4.450696874273578e-07,2.4303918642979736e-08,3.97445548764785e-06
592.0,3.837453054643391e-06,4.449965121218691e-07,2.4307077746960245e-08,3.97415137760189e-06
593.0,3.837153189823805e-06,4.4492422990466896e-07,2.4310417661647155e-08,3.973849062214059e-06
594.0,3.836859619108337e-06,4.4485283992232353e-07,2.4313934893344028e-08,3.973548458975041e-06
595.0,3.836572299954159e-06,4.447823416913987e-07,2.431762601059094e-08,3.973249471670466e-06
596.0,3.836291185739067e-06,4.4471273456582175e-07,2.4321487299014002e-08,3.972952009792342e-06
597.0,3.836016223446568e-06,4.446440177983824e-07,2.4325514863850746e-08,3.972655991668314e-06
598.0,3.83574736261859e-06,4.445761896718456e-07,2.432970453368906e-08,3.972361332900286e-06
599.0,3.835484552290664e-06,4.445092493594775e-07,2.433405186250953e-08,3.972067952346492e-06
600.0,3.8352277442836146e-06,4.444431950470403e-07,2.4338552083710046e-08,3.97177576752274e-06
601.0,3.834976878101756e-06,4.4437802422482583e-07,2.4343199940124425e-08,3.971484710135397e-06
602.0,3.8347319012162775e-06,4.4431373476639915e-07,2.434798992896084e-08,3.9711947062655646e-06
603.0,3.834492763422128e-06,4.4425032383735335e-07,2.4352916068032055e-08,3.970905679958082e-06
604.0,3.834259405622039e-06,4.441877884483433e-07,2.435797193731219e-08,3.970617567768328e-06
605.0,3.834031773616752e-06,4.441261246063682e-07,2.4363150688191872e-08,3.970330300850186e-06
606.0,3.83380981018666e-06,4.440653287079602e-07,2.436844506099542e-08,3.970043816694352e-06
607.0,3.833593462582911e-06,4.4400539597343386e-07,2.437384738400916e-08,3.9697580494617594e-06
608.0,3.833382664447403e-06,4.439463215228706e-07,2.4379349420573433e-08,3.969472949598169e-06
609.0,3.8331773596761785e-06,4.438881000831537e-07,2.438494270817054e-08,3.9691884589771706e-06
610.0,3.832977492145213e-06,4.438307258438534e-07,2.4390618338611625e-08,3.968904519618265e-06
611.0,3.832783001982802e-06,4.437741930847667e-07,2.4396366954009317e-08,3.968621082190468e-06
612.0,3.832593825467914e-06,4.4371849459187417e-07,2.4402178943223772e-08,3.968338100938033e-06
613.0,3.83240990374923e-06,4.4366362398660524e-07,2.4408044450211154e-08,3.96805552775566e-06
614.0,3.8322311842402795e-06,4.436095737871742e-07,2.4413953313537995e-08,3.967773310488992e-06
615.0,3.8320575926270395e-06,4.43556336180948e-07,2.441989501776424e-08,3.967491421581391e-06
616.0,3.831889070873916e-06,4.4350390324410144e-07,2.4425859137462844e-08,3.96720981841791e-06
617.0,3.831725563495788e-06,4.4345226665999275e-07,2.4431834952607604e-08,3.966928457079625e-06
618.0,3.831567003736251e-06,4.434014181268966e-07,2.4437811690116252e-08,3.966647309985382e-06
619.0,3.831413328597548e-06,4.4335134822375077e-07,2.4443778547157597e-08,3.966366345853403e-06
620.0,3.831264474467997e-06,4.43302048350805e-07,2.4449724850514314e-08,3.966085536080582e-06
621.0,3.831120387223318e-06,4.432535089756959e-07,2.4455639900283075e-08,3.965804845980838e-06
622.0,3.830980994045178e-06,4.4320572045075186e-07,2.4461513062860725e-08,3.965524262731768e-06
623.0,3.830846232729739e-06,4.431586732189484e-07,2.4467334075878453e-08,3.965243763462655e-06
624.0,3.830716046698002e-06,4.431123573182033e-07,2.4473092827835944e-08,3.964963322077173e-06
625.0,3.830590369010157e-06,4.430667630370607e-07,2.4478779396398978e-08,3.964682927627696e-06
626.0,3.830469135247863e-06,4.4302187999852007e-07,2.4484384218138148e-08,3.964402566815788e-06
627.0,3.830352282167846e-06,4.429776984281246e-07,2.4489898243528008e-08,3.964122228208518e-06
628.0,3.8302397545386395e-06,4.429342079799899e-07,2.4495312680050896e-08,3.963841895022279e-06
629.0,3.830131479345704e-06,4.4289139846406617e-07,2.4500619109241614e-08,3.9635615712939595e-06
630.0,3.830027396888992e-06,4.4284925978898206e-07,2.45058098120098e-08,3.963281249017589e-06
631.0,3.8299274477831985e-06,4.428077816448238e-07,2.451087747503707e-08,3.963000922725757e-06
632.0,3.829831567829103e-06,4.427669543362142e-07,2.4515815202582994e-08,3.9627205951156865e-06
633.0,3.829739692479513e-06,4.427267674910783e-07,2.4520616747415968e-08,3.962440270168189e-06
634.0,3.829651759922408e-06,4.4268721150187454e-07,2.4525276517395453e-08,3.96215995212669e-06
635.0,3.8295677146655605e-06,4.4264827650700804e-07,2.4529789416416217e-08,3.96187964110678e-06
636.0,3.829487487145804e-06,4.4260995289690127e-07,2.453415080535897e-08,3.961599354045532e-06
637.0,3.829411016253421e-06,4.425722312576158e-07,2.4538356905090033e-08,3.961319100880708e-06
638.0,3.829338246363818e-06,4.425351021370718e-07,2.454240441358274e-08,3.961038887775611e-06
639.0,3.829269115411027e-06,4.4249855688578227e-07,2.454629053185519e-08,3.9607587310171335e-06
640.0,3.829203557222405e-06,4.4246258619324704e-07,2.4550013098480354e-08,3.960478651932168e-06
641.0,3.829141516224846e-06,4.4242718179880063e-07,2.455357066119034e-08,3.960198662768661e-06
642.0,3.829082935675904e-06,4.4239233522288484e-07,2.4556962177130065e-08,3.959918779414016e-06
643.0,3.829027748738329e-06,4.42358038268532e-07,2.4560187086638788e-08,3.959639030037178e-06
644.0,3.8289758979085456e-06,4.4232428324258323e-07,2.4563245541148675e-08,3.959359433883999e-06
645.0,3.828927327755233e-06,4.422910624124362e-07,2.4566138127958125e-08,3.959080010231802e-06
646.0,3.828881978459867e-06,4.422583688081196e-07,2.456886577758777e-08,3.958800785220088e-06
647.0,3.828839788077544e-06,4.4222619513894323e-07,2.4571429958810125e-08,3.958521787239932e-06
648.0,3.828800702347094e-06,4.421945349215733e-07,2.4573832650254414e-08,3.958243038974685e-06
649.0,3.828764665570493e-06,4.421633817429683e-07,2.457607612279204e-08,3.9579645658427065e-06
650.0,3.828731615857468e-06,4.4213272951620205e-07,2.4578162895537507e-08,3.957686400688534e-06
651.0,3.828701496132108e-06,4.421025725269242e-07,2.4580096047887524e-08,3.957408572175193e-06
652.0,3.828674255601715e-06,4.4207290515133127e-07,2.4581878869252622e-08,3.957131103465078e-06
653.0,3.828649835077664e-06,4.420437224005595e-07,2.4583514819454525e-08,3.956854028776169e-06
654.0,3.8286281755133675e-06,4.4201501923319534e-07,2.4585007627444474e-08,3.956577381335088e-06
655.0,3.828609225155082e-06,4.419867911752993e-07,2.458636140863774e-08,3.9563011882323015e-06
656.0,3.8285929322218365e-06,4.4195903391234433e-07,2.45875802775483e-08,3.9560254776611675e-06
657.0,3.828579236149208e-06,4.4193174329188846e-07,2.458866843141329e-08,3.955750287745319e-06
658.0,3.8285680834911584e-06,4.419049156354931e-07,2.4589630413317444e-08,3.955475648994569e-06
659.0,3.8285594262723135e-06,4.418785472289569e-07,2.459047078605482e-08,3.955201587380677e-06
660.0,3.828553206676119e-06,4.4185263488793334e-07,2.4591194072693424e-08,3.954928140130352e-06
661.0,3.828549370673234e-06,4.418271753813986e-07,2.459180494631228e-08,3.954655339670184e-06
662.0,3.828547867538835e-06,4.4180216592555917e-07,2.4592308140695083e-08,3.95438321634274e-06
663.0,3.82854864854133e-06,4.4177760372048704e-07,2.459270835948719e-08,3.9541117991426515e-06
664.0,3.828551657205882e-06,4.4175348621218015e-07,2.459301024016326e-08,3.953841124788378e-06
665.0,3.8285568431313345e-06,4.4172981102053407e-07,2.4593218508878383e-08,3.9535712235031884e-06
666.0,3.828564158547257e-06,4.4170657572591906e-07,2.4593337849993138e-08,3.953302124231333e-06
667.0,3.828573553797875e-06,4.416837781111101e-07,2.4593372739139727e-08,3.9530338575769256e-06
668.0,3.8285849743258646e-06,4.4166141611784986e-07,2.4593327750382996e-08,3.952766459119798e-06
669.0,3.828598374605019e-06,4.416394877934994e-07,2.459320735550449e-08,3.952499955177755e-06
670.0,3.8286137080809546e-06,4.4161799113864095e-07,2.45930159169562e-08,3.95223437418307e-06
671.0,3.828630921872462e-06,4.4159692407775095e-07,2.4592757667092622e-08,3.9519697505178465e-06
672.0,3.8286499710373476e-06,4.4157628486433876e-07,2.459243680297636e-08,3.951706109358066e-06
673.0,3.828670810926766e-06,4.415560712490077e-07,2.4592057455934183e-08,3.951443477849186e-06
674.0,3.828693393197717e-06,4.4153628132877545e-07,2.45916235004854e-08,3.9511818857326104e-06
675.0,3.828717669962524e-06,4.4151691307025664e-07,2.4591138821892787e-08,3.95092136228865e-06
676.0,3.828743598019857e-06,4.414979644525183e-07,2.4590607163554755e-08,3.950661931816771e-06
677.0,3.828771135341663e-06,4.414794332541717e-07,2.459003216872309e-08,3.950403618245288e-06
678.0,3.828800234405436e-06,4.414613171284424e-07,2.458941723834265e-08,3.950146450179008e-06
679.0,3.8288308505372285e-06,4.414436137464874e-07,2.4588765826004782e-08,3.949890453523278e-06
680.0,3.828862947314885e-06,4.414263205460077e-07,2.458808120927869e-08,3.9496356456192606e-06
681.0,3.828896480706681e-06,4.4140943489307426e-07,2.4587366428740293e-08,3.949382051853858e-06
682.0,3.828931405794034e-06,4.413929539538979e-07,2.4586624532289857e-08,3.9491296981496775e-06
683.0,3.828967684299892e-06,4.413768748525371e-07,2.4585858403623283e-08,3.948878603259706e-06
684.0,3.829005279563422e-06,4.413611944433839e-07,2.4585070841917792e-08,3.948628784980736e-06
685.0,3.829044149072715e-06,4.4134590944721307e-07,2.4584264438581555e-08,3.948380266000512e-06
686.0,3.8290842523095435e-06,4.413310164582008e-07,2.4583441743882864e-08,3.948133067385079e-06
687.0,3.829125557681939e-06,4.41316511742347e-07,2.4582605228794378e-08,3.947887200684329e-06
688.0,3.829168025309216e-06,4.4130239151742893e-07,2.4581757098313215e-08,3.947642686340391e-06
689.0,3.829211617509663e-06,4.412886518225762e-07,2.4580899582045153e-08,3.947399541725223e-06
690.0,3.829256299891404e-06,4.412752884446906e-07,2.4580034774361474e-08,3.947157780696291e-06
691.0,3.829302041095219e-06,4.4126229702760924e-07,2.457916466158518e-08,3.94691741474096e-06
692.0,3.829348803975759e-06,4.4124967300365854e-07,2.4578291070868097e-08,3.946678460053203e-06
693.0,3.8293965534137966e-06,4.4123741169164007e-07,2.457741577971428e-08,3.9464409311417005e-06
694.0,3.8294452623609845e-06,4.412255081149894e-07,2.4576540515871256e-08,3.946204833898063e-06
695.0,3.829494897910345e-06,4.41213957225703e-07,2.4575666770146665e-08,3.945970180406632e-06
696.0,3.829545426210602e-06,4.412027538936601e-07,2.4574796059529374e-08,3.945736983030789e-06
697.0,3.829596818799773e-06,4.4119189265061917e-07,2.4573929783589914e-08,3.945505248820932e-06
698.0,3.829649049034332e-06,4.411813680370663e-07,2.4573069256607443e-08,3.945274983140128e-06
699.0,3.8297020860056574e-06,4.411711744340947e-07,2.457221565979576e-08,3.945046194712069e-06
700.0,3.829755899867535e-06,4.411613059500201e-07,2.4571370154268573e-08,3.944818891817988e-06
701.0,3.829810468399961e-06,4.4115175674460127e-07,2.4570533838878176e-08,3.944593074332905e-06
702.0,3.829865764384548e-06,4.4114252086839054e-07,2.4569707635015902e-08,3.94436874735048e-06
703.0,3.829921759047723e-06,4.4113359226134e-07,2.4568892492695304e-08,3.944145917404993e-06
704.0,3.829978430118749e-06,4.411249647797505e-07,2.4568089269834376e-08,3.9439245838704445e-06
705.0,3.830035754254692e-06,4.4111663213731805e-07,2.4567298761040296e-08,3.943704748258849e-06
706.0,3.830093707118304e-06,4.411085881607426e-07,2.4566521657863988e-08,3.943486411539591e-06
707.0,3.830152263422992e-06,4.4110082649678057e-07,2.456575863568061e-08,3.9432695765126995e-06
708.0,3.8302114065852916e-06,4.4109334074026824e-07,2.4565010353021904e-08,3.943054236707886e-06
709.0,3.830271114046463e-06,4.410861246459624e-07,2.4564277316532963e-08,3.9428403916364735e-06
710.0,3.8303313615888795e-06,4.4107917192918634e-07,2.456356005714268e-08,3.942628042516787e-06
711.0,3.830392131829875e-06,4.4107247616229257e-07,2.4562859058404597e-08,3.9424171833679646e-06
712.0,3.830453406725002e-06,4.410660311105373e-07,2.456217474843119e-08,3.942207809424313e-06
713.0,3.830515165049008e-06,4.41059830516263e-07,2.456150750322662e-08,3.941999918300161e-06
714.0,3.83057738755338e-06,4.4105386809019953e-07,2.4560857673991787e-08,3.941793506139743e-06
715.0,3.830640060690586e-06,4.4104813774292975e-07,2.456022562233043e-08,3.941588563005174e-06
716.0,3.830703166929937e-06,4.410426334405178e-07,2.4559611595157676e-08,3.941385083104478e-06
717.0,3.830766685643877e-06,4.4103734925317095e-07,2.455901588316134e-08,3.941183063702042e-06
718.0,3.830830605080606e-06,4.41032279150174e-07,2.455843873707279e-08,3.940982493157941e-06
719.0,3.830894908310135e-06,4.410274173713112e-07,2.4557880376981515e-08,3.940783365425501e-06
720.0,3.8309595806239945e-06,4.4102275835946687e-07,2.4557340997961363e-08,3.940585671321602e-06
721.0,3.831024605049978e-06,4.4101829649751436e-07,2.4556820774127007e-08,3.940389404924271e-06
722.0,3.831089970780796e-06,4.410140263378555e-07,2.4556319922852842e-08,3.940194553697818e-06
723.0,3.831155663905951e-06,4.410099426533804e-07,2.4555838567377495e-08,3.940001108391007e-06
724.0,3.831221667965306e-06,4.4100604037068823e-07,2.4555376883510896e-08,3.939809062192416e-06
725.0,3.831287971850242e-06,4.410023143732391e-07,2.4554935016224843e-08,3.939618403463333e-06
726.0,3.831354563351358e-06,4.409987598700267e-07,2.455451307849853e-08,3.939429121550119e-06
727.0,3.831421430595664e-06,4.409953722875656e-07,2.4554111230614055e-08,3.939241205056195e-06
728.0,3.831488558459805e-06,4.4099214699590966e-07,2.4553729566979025e-08,3.939054646653545e-06
729.0,3.8315559383151605e-06,4.409890796643852e-07,2.455336827405051e-08,3.9388694325718495e-06
730.0,3.831623557551484e-06,4.409861661554765e-07,2.4553027422961618e-08,3.938685552713626e-06
731.0,3.831691403716472e-06,4.4098340251060144e-07,2.4552707187025087e-08,3.938502997126755e-06
732.0,3.831759466375652e-06,4.409807847710391e-07,2.455240765500693e-08,3.938321754325186e-06
733.0,3.8318277351264966e-06,4.4097830927340797e-07,2.4552128978736007e-08,3.938141812708613e-06
734.0,3.831896199108669e-06,4.4097597263391186e-07,2.455187130098832e-08,3.937963161095947e-06
735.0,3.83196484433661e-06,4.4097377141134374e-07,2.4551634721002302e-08,3.937785791934628e-06
736.0,3.832033664067551e-06,4.4097170241608756e-07,2.4551419415124098e-08,3.93760969075536e-06
737.0,3.832102647070183e-06,4.409697627043657e-07,2.455122550418024e-08,3.937434847202938e-06
738.0,3.832171780981005e-06,4.4096794951362615e-07,2.4551053156843377e-08,3.937261252603037e-06
739.0,3.832241055768019e-06,4.409662599718045e-07,2.455090249666216e-08,3.937088896420267e-06
740.0,3.8323104620254616e-06,4.409646916495752e-07,2.4550773686200945e-08,3.9369177673932e-06
741.0,3.832379990143633e-06,4.4096324218191277e-07,2.4550666886572298e-08,3.936747854617598e-06
742.0,3.832449625806239e-06,4.4096190930330475e-07,2.4550582233111794e-08,3.936579152294981e-06
743.0,3.832519362342605e-06,4.409606908808908e-07,2.4550519914183623e-08,3.9364116474329055e-06
744.0,3.832589188425421e-06,4.4095958500224885e-07,2.455048006712227e-08,3.936245331539154e-06
745.0,3.832659091880024e-06,4.409585899610977e-07,2.4550462867942984e-08,3.9360801972878425e-06
746.0,3.83272906229961e-06,4.409577038375558e-07,2.455046846188917e-08,3.935916236290918e-06
747.0,3.8327990903455884e-06,4.409569251851751e-07,2.455049701355199e-08,3.935753439003884e-06
748.0,3.832869165187441e-06,4.409562525926935e-07,2.4550548692345766e-08,3.935591797470543e-06
749.0,3.832939273477657e-06,4.409556846221849e-07,2.455062361735541e-08,3.935431306861165e-06
750.0,3.8330094061943695e-06,4.409552200272395e-07,2.455072197400517e-08,3.935271958412732e-06
751.0,3.833079552822966e-06,4.409548577015439e-07,2.4550843877173227e-08,3.93511374469073e-06
752.0,3.833149699255331e-06,4.4095459666116336e-07,2.4550989483114105e-08,3.9349566622952276e-06
753.0,3.833219835722779e-06,4.4095443575598006e-07,2.4551158892303516e-08,3.934800704202093e-06
754.0,3.833289950743115e-06,4.4095437421631615e-07,2.4551352240966384e-08,3.934645864950201e-06
755.0,3.833360033183521e-06,4.409544113055136e-07,2.4551569631014706e-08,3.934492138837737e-06
756.0,3.8334300688067496e-06,4.409545461106316e-07,2.4551811128927622e-08,3.93433952416991e-06
757.0,3.833500047118544e-06,4.409547780302485e-07,2.4552076846637927e-08,3.9341880155711185e-06
758.0,3.833569957212771e-06,4.4095510645379137e-07,2.4552366815522105e-08,3.934037608059141e-06
759.0,3.833639783692928e-06,4.40955530867977e-07,2.4552681098911408e-08,3.933888301698698e-06
760.0,3.833709515514386e-06,4.4095605055673476e-07,2.4553019690838746e-08,3.933740092769837e-06
761.0,3.833779140749431e-06,4.409566651827851e-07,2.4553382620008607e-08,3.933592978254206e-06
762.0,3.833848646578072e-06,4.409573743385864e-07,2.455376985707694e-08,3.933446956394308e-06
763.0,3.83391801867306e-06,4.409581774690078e-07,2.455418134045685e-08,3.933302027515824e-06
764.0,3.8339872445869455e-06,4.4095907423164273e-07,2.4554617020430578e-08,3.933158190373325e-06
765.0,3.83405631257775e-06,4.409600642643783e-07,2.4555076785140013e-08,3.933015442809553e-06
766.0,3.834125206947707e-06,4.4096114728521725e-07,2.4555560519908942e-08,3.9328737872889254e-06
767.0,3.834193915139177e-06,4.409623227655444e-07,2.455606803498655e-08,3.93273322358345e-06
768.0,3.834262424629166e-06,4.4096359054065906e-07,2.4556599176097224e-08,3.932593751273355e-06
769.0,3.834330722325688e-06,4.4096495028848937e-07,2.4557153699239676e-08,3.932455370924684e-06
770.0,3.834398791794104e-06,4.4096640155391204e-07,2.4557731348766214e-08,3.932318086936363e-06
771.0,3.834466621179443e-06,4.409679440441013e-07,2.455833183892549e-08,3.932181899306184e-06
772.0,3.834534198011344e-06,4.40969577467734e-07,2.455895483741615e-08,3.932046808576202e-06
773.0,3.8346015054413435e-06,4.409713015461927e-07,2.4559599975753885e-08,3.93191282021923e-06
774.0,3.834668530940356e-06,4.4097311576800454e-07,2.4560266823797872e-08,3.931779935772804e-06
775.0,3.834735261576612e-06,4.4097501984417326e-07,2.456095497280751e-08,3.931648157163042e-06
776.0,3.834801683421299e-06,4.4097701349587896e-07,2.4561663923267815e-08,3.931517487406235e-06
777.0,3.834867780784238e-06,4.4097909611799886e-07,2.4562393130848923e-08,3.931387931963519e-06
778.0,3.834933541145058e-06,4.409812673641232e-07,2.4563142034175187e-08,3.931259493135373e-06
779.0,3.834998951976542e-06,4.4098352680506035e-07,2.4563910034128104e-08,3.931132173209412e-06
780.0,3.8350639974491634e-06,4.4098587401158036e-07,2.456469645693316e-08,3.93100597826804e-06
781.0,3.8351286640024e-06,4.40988308382162e-07,2.4565500598446223e-08,3.930880912335698e-06
782.0,3.835192939766652e-06,4.409908294190186e-07,2.4566321751763095e-08,3.930756977831798e-06
783.0,3.835256810860885e-06,4.40993436663188e-07,2.456715912504394e-08,3.930634179243668e-06
784.0,3.835320262620737e-06,4.4099612934983486e-07,2.4568011860578965e-08,3.930512522357264e-06
785.0,3.83538328266529e-06,4.409989069115851e-07,2.4568879120288616e-08,3.930392010775097e-06
786.0,3.835445859616035e-06,4.410017687087814e-07,2.456976000391482e-08,3.930272646952093e-06
787.0,3.835507978091224e-06,4.410047141352342e-07,2.4570653540929812e-08,3.930154437734681e-06
788.0,3.835569625888173e-06,4.410077423167328e-07,2.457155873687047e-08,3.930037387132254e-06
789.0,3.835630792002342e-06,4.410108524991353e-07,2.457247458193176e-08,3.929921497894544e-06
790.0,3.835691463945458e-06,4.410140440608765e-07,2.457340001238662e-08,3.929806774143112e-06
791.0,3.835751627870241e-06,4.410173159074031e-07,2.45743338789824e-08,3.92969322218704e-06
792.0,3.83581127314027e-06,4.4102066729602457e-07,2.457527507892265e-08,3.929580844753569e-06
793.0,3.835870390173191e-06,4.4102409728929653e-07,2.457622244126912e-08,3.92946964359866e-06
794.0,3.835928965086177e-06,4.4102760500425186e-07,2.4577174739237597e-08,3.92935962510957e-06
795.0,3.83598698777691e-06,4.41031189315832e-07,2.4578130713607343e-08,3.929250792085031e-06
796.0,3.836044447747124e-06,4.410348492173165e-07,2.457908912843809e-08,3.929143147698823e-06
797.0,3.83610133500362e-06,4.410385837922376e-07,2.4580048678477336e-08,3.9290366945115235e-06
798.0,3.836157638544577e-06,4.4104239172202526e-07,2.458100799661041e-08,3.928931436694732e-06
799.0,3.83621334904335e-06,4.4104627190734097e-07,2.4581965769135883e-08,3.92882737665577e-06
800.0,3.8362684589145065e-06,4.410502232093258e-07,2.4582920628455612e-08,3.928724514858618e-06
801.0,3.836322957264265e-06,4.41054244462929e-07,2.4583871164616706e-08,3.928622855404291e-06
802.0,3.836376835788562e-06,4.410583342648255e-07,2.4584815946221146e-08,3.928522400098531e-06
803.0,3.836430086766469e-06,4.4106249133042474e-07,2.458575358361161e-08,3.928423150025242e-06
804.0,3.836482702318333e-06,4.4106671444121333e-07,2.4586682622620576e-08,3.92832510635189e-06
805.0,3.836534674253919e-06,4.4107100208708203e-07,2.4587601588525007e-08,3.928228270987149e-06
806.0,3.836585996230461e-06,4.410753528717407e-07,2.4588509048702944e-08,3.928132644019932e-06
807.0,3.836636662323503e-06,4.4107976538068966e-07,2.4589403537404446e-08,3.928038224905037e-06
808.0,3.836686665191762e-06,4.4108423818729317e-07,2.4590283569518115e-08,3.927945014799216e-06
809.0,3.836735998792432e-06,4.410887696428612e-07,2.459114766634627e-08,3.9278530137957636e-06
810.0,3.836784658576122e-06,4.410933582482276e-07,2.4591994381174465e-08,3.927762220331683e-06
811.0,3.836832639393615e-06,4.4109800248036324e-07,2.459282224397646e-08,3.927672633476031e-06
812.0,3.836879935895033e-06,4.411027005963754e-07,2.4593629761955002e-08,3.9275842528357805e-06
813.0,3.8369265448176386e-06,4.4110745098957205e-07,2.459441552045575e-08,3.927497075880183e-06
814.0,3.836972463299063e-06,4.4111225202475816e-07,2.459517808252265e-08,3.927411099546604e-06
815.0,3.8370176866010316e-06,4.411171019960845e-07,2.4595916009454043e-08,3.9273263229542504e-06
816.0,3.837062211893471e-06,4.411219990881409e-07,2.459662788421406e-08,3.927242743432572e-06
817.0,3.837106036889822e-06,4.41126941555401e-07,2.4597312337425208e-08,3.927160357679306e-06
818.0,3.837149160608367e-06,4.4113192768121617e-07,2.4597968005306988e-08,3.927079161091559e-06
819.0,3.837191580275937e-06,4.411369555359283e-07,2.45985935121564e-08,3.926999151160344e-06
820.0,3.837233294922227e-06,4.411420233183622e-07,2.459918756637211e-08,3.926920323569965e-06
821.0,3.837274305585202e-06,4.411471291831209e-07,2.4599748892394004e-08,3.926842671885045e-06
822.0,3.837314609905794e-06,4.411522712597045e-07,2.46002762137851e-08,3.926766193292425e-06
823.0,3.837354207971276e-06,4.411574475762077e-07,2.4600768295529996e-08,3.926690882685824e-06
824.0,3.8373931009735965e-06,4.4116265621704305e-07,2.460122397240481e-08,3.926616733776121e-06
825.0,3.83743128967545e-06,4.411678953312964e-07,2.4601642091579213e-08,3.926543740682805e-06
826.0,3.8374687755784464e-06,4.411731628301228e-07,2.460202149225028e-08,3.926471897138283e-06
827.0,3.8375055596649645e-06,4.411784567833758e-07,2.460236115496765e-08,3.926401197323629e-06
828.0,3.837541645504692e-06,4.4118377524965573e-07,2.4602660044524134e-08,3.9263316327548906e-06
829.0,3.837577034030337e-06,4.411891162021083e-07,2.4602917158033344e-08,3.926263197862941e-06
830.0,3.837611728071022e-06,4.4119447758800316e-07,2.4603131540902793e-08,3.926195885225094e-06
831.0,3.837645731514168e-06,4.411998573921094e-07,2.4603302327633445e-08,3.926129686382903e-06
832.0,3.8376790473026555e-06,4.412052536658543e-07,2.4603428666559955e-08,3.92606459378642e-06
833.0,3.837711679577786e-06,4.412106643072617e-07,2.4603509728531803e-08,3.92600059893097e-06
834.0,3.837743631337389e-06,4.4121608726348286e-07,2.460354481028699e-08,3.925937694549178e-06
835.0,3.8377749093295384e-06,4.412215205635588e-07,2.4603533216360087e-08,3.925875869443107e-06
836.0,3.83780551643195e-06,4.412269621345362e-07,2.4603474290893886e-08,3.925815116576094e-06
837.0,3.837835457726619e-06,4.4123240987475394e-07,2.460336743476832e-08,3.925755426805796e-06
838.0,3.837864739185504e-06,4.4123786179044275e-07,2.4603212140792708e-08,3.925696790034552e-06
839.0,3.837893366629091e-06,4.412433159091608e-07,2.460300792887545e-08,3.925639196309412e-06
840.0,3.8379213450144054e-06,4.412487701311001e-07,2.4602754345024855e-08,3.925582636826218e-06
841.0,3.837948680540298e-06,4.412542224092205e-07,2.4602451060712475e-08,3.925527101584284e-06
842.0,3.837975380673001e-06,4.412596708166284e-07,2.4602097762498714e-08,3.925472579146635e-06
843.0,3.838001451303578e-06,4.4126511332825564e-07,2.4601694187343904e-08,3.925419059922104e-06
844.0,3.83802689854281e-06,4.4127054786659264e-07,2.4601240123157e-08,3.925366534236097e-06
845.0,3.838051730251398e-06,4.4127597251618896e-07,2.460073545704222e-08,3.925314990553331e-06
846.0,3.838075953687149e-06,4.4128138536087e-07,2.4600180098417542e-08,3.9252644179765726e-06
847.0,3.8380995758938014e-06,4.412867844052422e-07,2.4599573993601174e-08,3.925214806005509e-06
848.0,3.83812260339609e-06,4.412921676843548e-07,2.4598917186442527e-08,3.925166144791966e-06
849.0,3.838145045888155e-06,4.412975333636243e-07,2.4598209781540902e-08,3.925118421163768e-06
850.0,3.838166910060319e-06,4.413028795557125e-07,2.459745188795733e-08,3.925071625093345e-06
851.0,3.838188203796967e-06,4.4130820433193254e-07,2.4596643698774064e-08,3.9250257455585625e-06
852.0,3.838208935252344e-06,4.4131350586569846e-07,2.4595785477168647e-08,3.924980771188543e-06
853.0,3.838229113875643e-06,4.4131878243627534e-07,2.4594877516329722e-08,3.924936689256397e-06
854.0,3.838248746947019e-06,4.4132403217928516e-07,2.459392013906499e-08,3.9248934894607596e-06
855.0,3.838267841833176e-06,4.4132925332816384e-07,2.459291376146341e-08,3.924851161467608e-06
856.0,3.838286408877499e-06,4.4133444421996506e-07,2.4591858856867642e-08,3.924809691813923e-06
857.0,3.838304455998565e-06,4.4133960314851616e-07,2.4590755899743453e-08,3.924769069648975e-06
858.0,3.8383219917755535e-06,4.413447283994649e-07,2.4589605434539595e-08,3.924729283564209e-06
859.0,3.838339024858694e-06,4.413498183732334e-07,2.4588408073626872e-08,3.9246903220333106e-06
860.0,3.838355564896412e-06,4.413548715494202e-07,2.4587164447012807e-08,3.924652172481193e-06
861.0,3.838371619763772e-06,4.4135988631872726e-07,2.4585875214740874e-08,3.924614824292431e-06
862.0,3.83838719777736e-06,4.413648611484454e-07,2.458454111841794e-08,3.924578266456725e-06
863.0,3.838402309022781e-06,4.413697945894491e-07,2.4583162937865552e-08,3.924542486124641e-06
864.0,3.838416962044534e-06,4.4137468526046717e-07,2.458174145460326e-08,3.924507472002656e-06
865.0,3.838431164988731e-06,4.413795316714731e-07,2.458027751538469e-08,3.924473213395805e-06
866.0,3.8384449274751715e-06,4.4138433253013356e-07,2.4578772013168482e-08,3.924439698024423e-06
867.0,3.838458258616829e-06,4.4138908657252823e-07,2.4577225858194513e-08,3.924406914090032e-06
868.0,3.838471166697232e-06,4.413937925048906e-07,2.457563997159361e-08,3.924374850762093e-06
869.0,3.838483659853503e-06,4.413984490755361e-07,2.457401534968734e-08,3.924343497406112e-06
870.0,3.838495747873946e-06,4.414030551737119e-07,2.457235300987845e-08,3.924312841615602e-06
871.0,3.838507439507423e-06,4.4140760970687376e-07,2.4570653971286603e-08,3.9242828720689895e-06
872.0,3.838518742920843e-06,4.414121115249784e-07,2.456891929401153e-08,3.924253578170022e-06
873.0,3.8385296670959925e-06,4.4141655964088567e-07,2.4567150085642336e-08,3.924224948426674e-06
874.0,3.838540221210686e-06,4.4142095314430573e-07,2.456534744296868e-08,3.924196971069142e-06
875.0,3.8385504129425665e-06,4.4142529106944116e-07,2.4563512479697222e-08,3.924169635969767e-06
876.0,3.838560250206588e-06,4.414295725171988e-07,2.4561646361479858e-08,3.924142932782116e-06
877.0,3.8385697427518465e-06,4.41433796731441e-07,2.4559750266418258e-08,3.9241168491894845e-06
878.0,3.8385788985268616e-06,4.4143796296733506e-07,2.455782535411414e-08,3.924091374737767e-06
879.0,3.838587725384598e-06,4.41442070427175e-07,2.4555872829467542e-08,3.924066499172829e-06
880.0,3.838596231527129e-06,4.414461185064965e-07,2.4553893912202443e-08,3.924042211786181e-06
881.0,3.838604425798716e-06,4.414501066182501e-07,2.4551889817391153e-08,3.9240185011865346e-06
882.0,3.83861231554339e-06,4.4145403419628845e-07,2.4549861760838038e-08,3.923995357530012e-06
883.0,3.838619907971569e-06,4.4145790070062763e-07,2.454781098050045e-08,3.923972771173553e-06
884.0,3.838627212248019e-06,4.414617057554846e-07,2.454573874222088e-08,3.923950730335887e-06
885.0,3.838634235627984e-06,4.414654489807745e-07,2.4543646263008238e-08,3.923929225220904e-06
886.0,3.838640985428239e-06,4.414691299595187e-07,2.4541534802330915e-08,3.923908246039292e-06
887.0,3.83864746893677e-06,4.414727484559486e-07,2.4539405615209918e-08,3.923887782941789e-06
888.0,3.83865369473358e-06,4.4147630427775967e-07,2.453725993944603e-08,3.923867824697911e-06
889.0,3.838659669262827e-06,4.414797971977094e-07,2.4535099020413417e-08,3.92384836232935e-06
890.0,3.8386653991649035e-06,4.414832270735922e-07,2.4532924086796622e-08,3.923829386630163e-06
891.0,3.838670892536177e-06,4.414865938916517e-07,2.4530736405406428e-08,3.923810886796669e-06
892.0,3.838676156162491e-06,4.414898976430247e-07,2.4528537181237283e-08,3.923792853381588e-06
893.0,3.838681196360738e-06,4.4149313829237446e-07,2.452632764568598e-08,3.923775277463693e-06
894.0,3.838686020033356e-06,4.414963159609848e-07,2.4524109009556914e-08,3.9237581494916935e-06
895.0,3.8386906346914185e-06,4.4149943081640394e-07,2.4521882471809367e-08,3.9237414591502085e-06
896.0,3.838695046043551e-06,4.415024830034101e-07,2.451964922397207e-08,3.923725198053946e-06
897.0,3.838699260066837e-06,4.41505472725233e-07,2.4517410423548134e-08,3.923709357545116e-06
898.0,3.8387032841319904e-06,4.4150840031766007e-07,2.4515167270469427e-08,3.923693927405423e-06
899.0,3.838707123619492e-06,4.415112661170449e-07,2.451292086639621e-08,3.923678899450214e-06
900.0,3.838710784724927e-06,4.415140704227587e-07,2.4510672367554534e-08,3.923664264762578e-06
901.0,3.838714273242203e-06,4.4151681370393296e-07,2.450842288375241e-08,3.92365001469978e-06
902.0,3.838717595599121e-06,4.4151949644908493e-07,2.4506173504084123e-08,3.923636139947346e-06
903.0,3.838720757286121e-06,4.4152211912466224e-07,2.4503925302368526e-08,3.92362263217501e-06
904.0,3.838723763099315e-06,4.4152468226042154e-07,2.4501679319406586e-08,3.92360948376379e-06
905.0,3.838726619616324e-06,4.415271864844476e-07,2.4499436615563582e-08,3.9235966851649425e-06
906.0,3.838729331643358e-06,4.415296324523701e-07,2.4497198171783114e-08,3.923584228626468e-06
907.0,3.838731904387192e-06,4.4153202074864814e-07,2.4494964989723655e-08,3.923572106092471e-06
908.0,3.8387343425415705e-06,4.415343521217858e-07,2.4492738034957436e-08,3.923560309906186e-06
909.0,3.8387366519888325e-06,4.415366273258581e-07,2.4490518246993718e-08,3.923548831187345e-06
910.0,3.8387388373572314e-06,4.415388471277177e-07,2.4488306535710102e-08,3.9235376623311495e-06
911.0,3.838740902885195e-06,4.4154101227681734e-07,2.4486103787133045e-08,3.923526796212284e-06
912.0,3.838742853958383e-06,4.4154312367725347e-07,2.4483910880224533e-08,3.923516224364786e-06
913.0,3.8387446948935926e-06,4.4154518220041665e-07,2.4481728636165068e-08,3.923505939450693e-06
914.0,3.83874642977812e-06,4.415471886749581e-07,2.44795578776514e-08,3.9234959344376844e-06
915.0,3.838748062803448e-06,4.415491440511841e-07,2.4477399393048592e-08,3.923486202123217e-06
916.0,3.838749599046796e-06,4.415510493092368e-07,2.447525393510766e-08,3.92347673435111e-06
917.0,3.838751041987451e-06,4.415529054045719e-07,2.4473122235343835e-08,3.923467524642669e-06
918.0,3.838752395622728e-06,4.415547132792885e-07,2.447100499153266e-08,3.923458566053766e-06
919.0,3.838753664282465e-06,4.415564740161263e-07,2.4468902894217342e-08,3.923449851144e-06
920.0,3.838754851478824e-06,4.4155818864778283e-07,2.4466816577233033e-08,3.92344137338285e-06
921.0,3.838755960543955e-06,4.4155985815397027e-07,2.446474666217883e-08,3.923433126495369e-06
922.0,3.838756995113737e-06,4.41561483630407e-07,2.4462693744587962e-08,3.923425103835669e-06
923.0,3.8387579592305285e-06,4.415630662023282e-07,2.4460658397540352e-08,3.923417298290554e-06
924.0,3.838758855817841e-06,4.415646069314181e-07,2.4458641147527473e-08,3.923409703983256e-06
925.0,3.8387596882481255e-06,4.4156610689765276e-07,2.4456642496221643e-08,3.923402314621634e-06
926.0,3.838760459958207e-06,4.4156756725803114e-07,2.4454662949591688e-08,3.923395123739292e-06
927.0,3.838761173772467e-06,4.415689891316002e-07,2.445270293565876e-08,3.92338812557715e-06
928.0,3.838761832411114e-06,4.415703736000535e-07,2.4450762889646323e-08,3.923381314524965e-06
929.0,3.8387624387459615e-06,4.4157172182840854e-07,2.444884321800428e-08,3.923374684792936e-06
930.0,3.838762996260389e-06,4.4157303498479264e-07,2.444694428962581e-08,3.9233682299585315e-06
931.0,3.838763507027175e-06,4.4157431419592675e-07,2.4445066454572982e-08,3.923361945098423e-06
932.0,3.838763973815949e-06,4.4157556056019615e-07,2.444321001575028e-08,3.923355824681358e-06
933.0,3.838764399341542e-06,4.41576775276641e-07,2.4441375301498192e-08,3.923349863083592e-06
934.0,3.838764785916166e-06,4.4157795948268535e-07,2.443956255598458e-08,3.923344055218108e-06
935.0,3.8387651354867795e-06,4.415791142792205e-07,2.443777202210121e-08,3.923338396411929e-06
936.0,3.838765450449895e-06,4.4158024082277544e-07,2.4436003933387872e-08,3.923332881538794e-06
937.0,3.838765733481701e-06,4.4158134026804284e-07,2.44342584803667e-08,3.923327505179797e-06
938.0,3.838765986393852e-06,4.4158241372985217e-07,2.4432535838050813e-08,3.923322262866701e-06
939.0,3.838766210932778e-06,4.4158346227981995e-07,2.44308361436162e-08,3.923317150303056e-06
940.0,3.838766409316551e-06,4.4158448707777106e-07,2.4429159543516023e-08,3.923312162597449e-06
941.0,3.838766583442582e-06,4.415854892174508e-07,2.4427506126992116e-08,3.923307295304146e-06
942.0,3.8387667347844535e-06,4.4158646975907575e-07,2.4425875976246847e-08,3.923302544461052e-06
943.0,3.838766865132714e-06,4.4158742978635046e-07,2.4424269161863944e-08,3.923297905808329e-06
944.0,3.838766976335316e-06,4.4158837039500915e-07,2.442268571969063e-08,3.923293375009791e-06
945.0,3.838767069857994e-06,4.4158929262884875e-07,2.4421125677804126e-08,3.923288948212269e-06
946.0,3.8387671468534395e-06,4.4159019748468464e-07,2.44195890208544e-08,3.923284621975933e-06
947.0,3.838767209175121e-06,4.415910860254723e-07,2.4418075753129665e-08,3.923280392083287e-06
948.0,3.838767258202524e-06,4.415919592614936e-07,2.4416585824084965e-08,3.923276254880485e-06
949.0,3.8387672947733755e-06,4.4159281813995306e-07,2.4415119182639026e-08,3.923272207350775e-06
950.0,3.838767320129764e-06,4.415936636694328e-07,2.4413675764190688e-08,3.923268246055256e-06
951.0,3.838767335918783e-06,4.415944968116555e-07,2.441225547993799e-08,3.923264367196358e-06
952.0,3.83876734298084e-06,4.415953184899062e-07,2.4410858230829426e-08,3.923260567868526e-06
953.0,3.838767342176215e-06,4.415961296084066e-07,2.440948389284177e-08,3.923256845194505e-06
954.0,3.838767334681605e-06,4.415969310802485e-07,2.440813234307152e-08,3.923253195994223e-06
955.0,3.838767321616705e-06,4.415977238031876e-07,2.440680342564214e-08,3.923249617187573e-06
956.0,3.838767303359018e-06,4.4159850860513296e-07,2.440549698252202e-08,3.9232461065270715e-06
957.0,3.838767280798076e-06,4.4159928632650456e-07,2.4404212847108266e-08,3.923242661290723e-06
958.0,3.8387672550637925e-06,4.416000578052189e-07,2.440295083209249e-08,3.9232392785081956e-06
959.0,3.838767226662017e-06,4.4160082382912456e-07,2.4401710742318495e-08,3.923235955933669e-06
960.0,3.838767195998556e-06,4.4160158515225784e-07,2.4400492363483296e-08,3.9232326914908345e-06
961.0,3.838767164035236e-06,4.416023425515502e-07,2.439929549071978e-08,3.923229482526649e-06
962.0,3.83876713143077e-06,4.4160309675082715e-07,2.439811988652276e-08,3.923226326789606e-06
963.0,3.838767098371598e-06,4.416038484391595e-07,2.4396965311830037e-08,3.923223222542088e-06
964.0,3.838767065445861e-06,4.4160459830746845e-07,2.4395831529849166e-08,3.923220167684965e-06
965.0,3.838767033202293e-06,4.416053470266057e-07,2.4394718280523935e-08,3.923217160180367e-06
966.0,3.838767001953781e-06,4.416060952284498e-07,2.439362530779221e-08,3.923214198293994e-06
967.0,3.838766971984434e-06,4.416068435118615e-07,2.4392552332726944e-08,3.923211280405595e-06
968.0,3.838766943774587e-06,4.416075924830502e-07,2.4391499092380583e-08,3.923208404677625e-06
969.0,3.83876691768133e-06,4.416083427270325e-07,2.439046530143087e-08,3.92320556944126e-06
970.0,3.838766893906453e-06,4.416090947551182e-07,2.4389450663831267e-08,3.923202773308794e-06
971.0,3.838766872567567e-06,4.4160984909194117e-07,2.438845489857105e-08,3.923200014954672e-06
972.0,3.8387668540691e-06,4.4161060626423873e-07,2.43874777046854e-08,3.923197292782341e-06
973.0,3.838766838262139e-06,4.416113667263374e-07,2.438651878153718e-08,3.923194605855584e-06
974.0,3.838766825396564e-06,4.416121309232058e-07,2.4385577821282307e-08,3.923191952861998e-06
975.0,3.838766815758186e-06,4.416128992929016e-07,2.4384654526028307e-08,3.923189332472716e-06
976.0,3.8387668094776315e-06,4.4161367225390604e-07,2.4383748577404206e-08,3.923186743555429e-06
977.0,3.838766806412021e-06,4.416144501673707e-07,2.438285966053504e-08,3.92318418533001e-06
978.0,3.838766806724398e-06,4.4161523339069794e-07,2.438198746924604e-08,3.923181656722769e-06
979.0,3.838766810462093e-06,4.416160222852708e-07,2.4381131680872817e-08,3.923179156781169e-06
980.0,3.838766817453472e-06,4.416168171630474e-07,2.438029198128037e-08,3.923176684843614e-06
981.0,3.8387668276236505e-06,4.416176182917693e-07,2.437946804540383e-08,3.923174240215313e-06
982.0,3.838766841241143e-06,4.4161842596277e-07,2.437865956760264e-08,3.92317182182837e-06
983.0,3.838766858196478e-06,4.4161924044759937e-07,2.4377866222648667e-08,3.923169429040152e-06
984.0,3.838766878354795e-06,4.416200619442586e-07,2.4377087684836906e-08,3.923167061331021e-06
985.0,3.838766901657053e-06,4.416208906637731e-07,2.4376323651035975e-08,3.923164718075481e-06
986.0,3.838766928044857e-06,4.416217268148678e-07,2.4375573799745343e-08,3.923162398663306e-06
987.0,3.838766957279485e-06,4.4162257055818895e-07,2.4374837814144824e-08,3.923160102740147e-06
988.0,3.838766989214031e-06,4.416234220238598e-07,2.4374115374292726e-08,3.923157829899974e-06
989.0,3.838767023932624e-06,4.4162428135436383e-07,2.4373406185821373e-08,3.923155579475631e-06
990.0,3.838767061319458e-06,4.416251486815178e-07,2.4372709925382535e-08,3.923153351046899e-06
991.0,3.8387671011058685e-06,4.416260240782461e-07,2.437202628664761e-08,3.923151144398784e-06
992.0,3.83876714298584e-06,4.416269075777299e-07,2.4371354972203265e-08,3.923148959415084e-06
993.0,3.838767187138862e-06,4.416277992944063e-07,2.4370695681212307e-08,3.923146795378136e-06
994.0,3.838767233159564e-06,4.4162869925047655e-07,2.437004810772552e-08,3.9231446523036405e-06
995.0,3.8387672809133746e-06,4.416296074517095e-07,2.4369411959012665e-08,3.923142529930067e-06
996.0,3.838767330320406e-06,4.416305238968095e-07,2.4368786953418554e-08,3.923140427954271e-06
997.0,3.83876738125696e-06,4.416314486056901e-07,2.436817279345078e-08,3.923138346115581e-06
998.0,3.838767433384516e-06,4.416323815238622e-07,2.436756919399414e-08,3.923136284431602e-06
999.0,3.83876748657959e-06,4.416333225986039e-07,2.4366975881711026e-08,3.923134242714887e-06
